party_level,party_info
classic,"1,#B5K DMB,->,2,9,15,16,18,P597,P216,P404,P509,P421"
classic,"2,#B5V LWV,->,4,9,13,14,18,P573,P362,P228,P414,P421"
classic,"3,#B51 W0F N,->,2,10,18,19,21,P221,P633,P779,P255,P518"
classic,"4,#B5G FUU,->,1,7,10,19,21,B495,B405,B378,B237,B499"
classic,"5,#B52 IAL E,->,6,8,11,18,20,B534,B212,B726,B594,B520"
classic,"6,#B5W JM9,->,4,5,9,12,21,O327,O252,O369,O402,O523"
classic,"7,#B52 LZJ V,->,8,15,16,18,22,P651,P404,P509,P421,P533"
classic,"8,#B5S CFX,->,3,8,13,17,22,O564,O793,O386,O484,O536"
classic,"9,#B51 W4B Q,->,2,13,16,18,20,B780,B775,B643,B223,B743"
classic,"10,#B52 NVR F,->,10,15,17,19,21,P633,P347,P482,P767,P518"
classic,"11,#B5H 3RJ,->,1,16,18,19,20,P527,P509,P421,P767,P498"
classic,"12,#B52 NYS M,->,10,14,16,19,22,B385,B598,B643,B755,B487"
classic,"13,#B51 UFK 7,->,2,6,12,16,20,P221,P540,P754,P372,P268"
classic,"14,#B5R VYJ,->,3,5,13,19,21,P562,P441,P382,P767,P518"
classic,"15,#B52 D2F K,->,5,11,16,19,21,G758,G723,G640,G315,G497"
classic,"16,#B52 36P P,->,4,5,8,13,22,O338,O252,O793,O386,O536"
classic,"17,#B52 NKI W,->,10,14,17,19,21,G376,G596,G537,G315,G339"
classic,"18,#B51 EIF C,->,2,14,17,20,22,G434,G322,G618,G516,G485"
classic,"19,#B52 K73 Z,->,7,9,15,16,19,P352,P362,P684,P509,P255"
classic,"20,#B52 DVY P,->,6,8,12,17,22,O543,O653,O319,O484,O536"
classic,"21,#B51 W4M 8,->,2,14,18,19,20,G778,G596,G220,G315,G516"
classic,"22,#B52 O2R Z,->,15,16,18,19,20,P347,P509,P421,P255,P498"
classic,"23,#B52 5T0 P,->,4,9,17,19,22,O338,O369,O484,O699,O536"
classic,"24,#B51 VIA 6,->,2,8,11,15,18,B780,B212,B568,B611,B223"
classic,"25,#B52 NRU J,->,10,11,18,19,22,P633,P287,P421,P696,P533"
classic,"26,#B51 AD7 X,->,1,13,16,19,22,O359,O386,O515,O770,O536"
classic,"27,#B51 ADQ N,->,1,14,16,19,20,P357,P414,P509,P767,P498"
classic,"28,#B52 KB6 2,->,7,9,13,17,20,B657,B785,B797,B625,B520"
classic,"29,#B52 E2P R,->,6,9,15,19,22,P540,P362,P347,P255,P533"
classic,"30,#B52 D2I N,->,5,11,16,19,21,P247,P458,P372,P767,P518"
classic,"31,#B52 O8E U,->,13,17,19,21,22,B634,B528,B317,B499,B487"
classic,"32,#B51 90D X,->,1,6,13,14,18,O359,O490,O386,O418,O424"
classic,"33,#B52 43J 6,->,4,7,16,19,22,B677,B405,B505,B317,B487"
classic,"34,#B5J W5O,->,2,7,8,11,21,G413,G654,G206,G566,G497"
classic,"35,#B51 8AV 4,->,1,7,10,19,20,G650,G403,G376,G751,G516"
classic,"36,#B51 W78 Z,->,2,14,17,19,21,P221,P414,P482,P696,P518"
classic,"37,#B5W QDT,->,4,5,14,18,21,O327,O445,O418,O424,O523"
classic,"38,#B52 2KD L,->,3,13,15,16,19,O631,O205,O349,O515,O699"
classic,"39,#B51 EAX A,->,2,9,15,16,22,B437,B785,B663,B643,B487"
classic,"40,#B52 1RG V,->,3,7,14,19,20,P629,P352,P718,P696,P498"
classic,"41,#B5H 1OY,->,1,10,15,18,19,B495,B378,B331,B594,B237"
classic,"42,#B51 843 6,->,1,6,16,19,20,B652,B483,B505,B237,B743"
classic,"43,#B52 E4V R,->,6,9,14,18,22,P540,P216,P690,P779,P533"
classic,"44,#B5V ERM,->,4,8,15,19,21,B453,B212,B331,B317,B499"
classic,"45,#B52 LCE 2,->,8,14,16,18,20,B212,B325,B643,B594,B743"
classic,"46,#B5W YDV,->,4,9,14,18,20,P324,P362,P690,P421,P498"
classic,"47,#B52 5KR 7,->,4,8,13,19,22,P335,P651,P382,P255,P533"
classic,"48,#B5G DE1,->,1,6,10,18,22,O530,O543,O635,O781,O608"
classic,"49,#B52 LAW 6,->,8,14,16,18,21,B212,B325,B643,B594,B341"
classic,"50,#B52 ID7 G,->,6,8,17,19,21,G532,G206,G537,G233,G339"
classic,"51,#B5V QCY,->,4,9,13,16,19,B453,B648,B634,B505,B317"
classic,"52,#B5R MQH,->,3,7,14,16,21,O564,O613,O694,O515,O523"
classic,"53,#B52 EJ7 F,->,6,13,18,19,21,P540,P202,P421,P696,P667"
classic,"54,#B52 609 N,->,4,10,18,19,21,P335,P637,P421,P696,P518"
classic,"55,#B5K M7S,->,2,12,17,19,22,G413,G614,G537,G315,G485"
classic,"56,#B52 NYZ M,->,10,15,16,19,20,B385,B611,B505,B237,B743"
classic,"57,#B52 EIO K,->,6,14,18,19,21,G481,G293,G220,G233,G497"
classic,"58,#B52 JI7 R,->,6,11,16,19,22,P486,P458,P372,P767,P533"
classic,"59,#B51 UF0 L,->,2,6,15,16,21,O224,O543,O687,O515,O523"
classic,"60,#B51 98Y 2,->,1,7,15,16,21,B652,B657,B611,B505,B341"
classic,"61,#B51 K7T X,->,3,5,9,14,18,O664,O252,O219,O418,O781"
classic,"62,#B52 668 X,->,4,12,18,19,21,O338,O402,O424,O257,O669"
classic,"63,#B52 2BB 2,->,3,10,13,19,20,B390,B378,B797,B755,B743"
classic,"64,#B52 LAA U,->,8,13,16,18,19,B212,B797,B505,B223,B755"
classic,"65,#B52 CP4 M,->,5,10,17,19,21,B763,B378,B541,B317,B341"
classic,"66,#B52 4QV W,->,4,6,17,19,22,G670,G532,G618,G315,G485"
classic,"67,#B51 V1X W,->,2,6,8,17,21,G778,G532,G356,G618,G497"
classic,"68,#B52 D6G D,->,5,15,16,19,20,O252,O349,O515,O770,O502"
classic,"69,#B5R LW5,->,3,7,18,19,22,O564,O613,O424,O770,O536"
classic,"70,#B51 LOU F,->,3,9,12,17,19,P662,P362,P399,P393,P255"
classic,"71,#B51 LOT M,->,3,9,13,17,19,B348,B648,B634,B625,B755"
classic,"72,#B52 D68 1,->,5,12,16,19,20,O252,O402,O515,O770,O273"
classic,"73,#B5R KUE,->,3,7,10,17,19,B464,B405,B385,B541,B317"
classic,"74,#B5R NPE,->,3,7,13,16,19,B464,B405,B797,B505,B237"
classic,"75,#B52 KF6 3,->,7,10,17,19,22,P352,P637,P482,P696,P733"
classic,"76,#B51 K9L Y,->,3,5,10,12,21,B348,B763,B378,B616,B341"
classic,"77,#B51 KKG 3,->,3,6,12,16,20,P662,P540,P754,P372,P268"
classic,"78,#B51 E9O 3,->,2,9,13,16,21,P585,P216,P382,P372,P518"
classic,"79,#B52 NAF K,->,10,14,18,19,21,G376,G293,G220,G315,G339"
classic,"80,#B51 E35 G,->,2,8,17,20,22,G434,G356,G618,G516,G485"
classic,"81,#B51 TZX C,->,2,5,13,18,20,G778,G758,G795,G220,G741"
classic,"82,#B52 IEP H,->,6,8,17,19,20,O490,O793,O395,O770,O502"
classic,"83,#B52 MFR 9,->,9,16,18,19,21,O369,O515,O424,O699,O523"
classic,"84,#B52 NAF H,->,10,14,18,19,21,O639,O418,O781,O699,O669"
classic,"85,#B5V LM2,->,4,9,14,18,21,B453,B648,B598,B594,B341"
classic,"86,#B5V UNV,->,4,10,11,19,20,P573,P633,P458,P696,P268"
classic,"87,#B52 KLW 8,->,7,10,11,15,19,G654,G381,G723,G609,G233"
classic,"88,#B52 FST A,->,7,10,18,19,20,B405,B378,B223,B317,B743"
classic,"89,#B5K 3XG,->,2,7,14,17,19,G413,G654,G322,G537,G315"
classic,"90,#B52 EIF 7,->,6,10,16,19,22,P540,P633,P509,P767,P605"
classic,"91,#B51 KOV 7,->,3,7,9,14,20,P662,P610,P216,P414,P498"
classic,"92,#B51 EHF Z,->,2,14,17,21,22,P585,P690,P393,P518,P533"
classic,"93,#B51 LR0 3,->,3,9,14,16,21,P662,P216,P414,P372,P518"
classic,"94,#B5S NTV,->,3,12,19,21,22,P562,P316,P696,P518,P533"
classic,"95,#B52 O2M 8,->,13,16,18,19,20,G632,G503,G592,G751,G516"
classic,"96,#B52 E84 X,->,6,9,16,19,20,O543,O219,O374,O699,O502"
classic,"97,#B52 13M N,->,3,7,12,17,21,P629,P610,P399,P393,P667"
classic,"98,#B52 MXR R,->,9,15,16,19,20,P362,P347,P372,P255,P498"
easy,"1,#A46 NXF,->,2,5,8,12,P585,P441,P651,P754"
easy,"2,#A48 DRC,->,2,5,13,16,G778,G578,G632,G640"
easy,"3,#A41 182,->,2,7,9,12,B416,B657,B217,B697"
easy,"4,#A47 M9H,->,3,13,14,16,O664,O205,O418,O374"
easy,"5,#A46 ODD,->,2,5,13,17,O587,O445,O205,O395"
easy,"6,#A43 XY2,->,4,9,12,17,B453,B648,B616,B541"
easy,"7,#A48 DCA,->,2,5,15,17,B780,B580,B611,B625"
easy,"8,#A47 EFA,->,3,6,14,17,B348,B534,B598,B625"
easy,"9,#A49 76E,->,3,6,10,17,B390,B534,B378,B625"
easy,"10,#A49 82G,->,3,6,12,16,G387,G532,G695,G640"
easy,"11,#A46 CVN,->,1,10,13,14,P357,P637,P382,P414"
easy,"12,#A49 7MS,->,3,6,12,17,G387,G532,G614,G618"
easy,"13,#A42 V0T,->,3,5,12,15,O564,O252,O757,O687"
easy,"14,#A49 U3D,->,4,9,13,17,O338,O786,O386,O496"
easy,"15,#A49 76P,->,3,6,10,16,O631,O490,O639,O374"
easy,"16,#A4B KAG,->,5,9,14,16,G578,G782,G293,G640"
easy,"17,#A47 EVA,->,3,6,14,16,B348,B534,B325,B643"
easy,"18,#A49 JFQ,->,4,5,13,14,B677,B763,B775,B598"
easy,"19,#A4B Y82,->,7,8,15,16,B657,B358,B663,B643"
easy,"20,#A4C RXO,->,9,12,14,17,G782,G695,G293,G618"
easy,"21,#A49 JBD,->,4,5,12,15,O338,O252,O757,O687"
easy,"22,#A41 77T,->,2,9,11,17,O599,O786,O461,O484"
easy,"23,#A49 SGD,->,4,9,13,14,O338,O369,O232,O418"
easy,"24,#A4B YO3,->,7,9,14,17,P352,P362,P414,P393"
easy,"25,#A42 VSC,->,3,5,14,16,G462,G758,G293,G503"
easy,"26,#A43 Y9N,->,4,9,13,14,P573,P362,P382,P414"
easy,"27,#A41 267,->,2,7,13,14,P597,P352,P228,P414"
easy,"28,#A49 TED,->,4,9,14,17,O338,O219,O418,O395"
easy,"29,#A44 2UG,->,4,11,14,16,G447,G723,G322,G640"
easy,"30,#A46 OUV,->,2,6,8,11,P585,P486,P651,P277"
easy,"31,#A4B RWU,->,6,9,12,16,B534,B785,B697,B643"
easy,"32,#A49 QW7,->,4,8,13,16,P335,P651,P228,P372"
easy,"33,#A44 1YW,->,4,12,15,17,G447,G695,G329,G537"
easy,"34,#A47 EEM,->,3,6,12,17,B348,B534,B697,B625"
easy,"35,#A4B R76,->,6,9,15,17,B534,B785,B611,B625"
easy,"36,#A47 LH5,->,3,11,15,17,O664,O461,O406,O395"
easy,"37,#A49 MVZ,->,4,7,14,16,P335,P610,P690,P372"
easy,"38,#A4B R2P,->,6,9,14,16,O490,O369,O418,O374"
easy,"39,#A4A P5H,->,5,9,11,14,O252,O369,O289,O694"
easy,"40,#A4A S90,->,5,10,12,15,G758,G376,G614,G329"
easy,"41,#A4B QGJ,->,6,8,12,16,P486,P651,P399,P372"
easy,"42,#A46 OQX,->,2,5,13,16,O587,O445,O205,O374"
easy,"43,#A4B J5K,->,5,9,13,17,G578,G782,G632,G618"
easy,"44,#A4B KFQ,->,5,9,11,17,B580,B217,B726,B541"
easy,"45,#A48 DUN,->,2,5,15,16,P221,P441,P684,P372"
easy,"46,#A4A ORL,->,5,8,12,16,O252,O653,O402,O374"
easy,"47,#A46 B6P,->,1,9,13,14,O359,O369,O205,O418"
easy,"48,#A44 1ZG,->,4,11,14,17,G447,G566,G322,G537"
easy,"49,#A47 ERU,->,3,6,12,16,B348,B534,B697,B643"
easy,"50,#A48 JNU,->,2,10,12,16,B780,B378,B697,B643"
easy,"51,#A46 OQ6,->,2,5,13,16,B437,B580,B634,B643"
easy,"52,#A47 M7I,->,3,11,15,16,B348,B568,B611,B643"
easy,"53,#A46 RCQ,->,2,9,15,17,B437,B648,B611,B541"
easy,"54,#A49 HDD,->,3,11,15,16,O631,O461,O406,O374"
easy,"55,#A48 GFG,->,2,8,15,17,G778,G206,G609,G537"
easy,"56,#A48 CVD,->,2,5,10,17,O224,O445,O639,O395"
easy,"57,#A49 C80,->,3,9,13,16,G387,G782,G771,G503"
easy,"58,#A49 TR4,->,4,9,14,16,G670,G782,G322,G640"
easy,"59,#A4B Z14,->,7,9,12,15,G654,G782,G253,G329"
easy,"60,#A4C H5B,->,8,11,15,17,P651,P287,P404,P393"
easy,"61,#A4X 0F,->,2,6,14,16,P597,P540,P414,P509"
easy,"62,#A47 FOF,->,3,8,12,17,P662,P790,P399,P492"
easy,"63,#A44 BY2,->,4,9,12,17,B691,B648,B697,B528"
easy,"64,#A43 Y4W,->,4,9,12,15,G447,G646,G695,G329"
easy,"65,#A43 V4W,->,4,7,8,15,G447,G654,G206,G661"
easy,"66,#A41 5EX,->,2,8,15,17,O599,O653,O406,O484"
easy,"67,#A47 M7X,->,3,13,15,16,O664,O386,O349,O374"
easy,"68,#A46 TKB,->,2,10,11,17,P585,P633,P458,P393"
easy,"69,#A49 S0Y,->,4,9,12,17,B677,B648,B697,B528"
easy,"70,#A4B R2D,->,6,9,15,16,O490,O369,O349,O374"
easy,"71,#A4B YQZ,->,7,9,14,16,P352,P362,P718,P372"
easy,"72,#A4B YVY,->,7,9,14,17,B657,B785,B598,B625"
easy,"73,#A44 AML,->,4,5,10,14,O327,O445,O635,O694"
easy,"74,#A4B QZA,->,6,9,15,17,B534,B648,B663,B625"
easy,"75,#A4B 9AT,->,7,9,13,15,O613,O369,O386,O349"
easy,"76,#A48 IXE,->,2,9,11,16,B780,B785,B739,B505"
easy,"77,#A43 YFL,->,4,9,14,16,O577,O369,O694,O515"
easy,"78,#A4C RXB,->,9,12,15,17,P216,P316,P684,P393"
easy,"79,#A4B Y3Q,->,7,8,11,16,B657,B358,B726,B643"
easy,"80,#A43 SDM,->,4,5,11,15,B453,B763,B568,B611"
easy,"81,#A48 DBF,->,2,5,13,17,P221,P441,P382,P393"
easy,"82,#A47 EEY,->,3,6,12,17,B348,B534,B616,B625"
easy,"83,#A4C RGV,->,9,11,15,17,P216,P277,P404,P393"
easy,"84,#A44 27X,->,4,13,14,17,O577,O205,O418,O395"
easy,"85,#A42 ZS6,->,3,7,8,15,B464,B657,B358,B611"
easy,"86,#A42 YZ3,->,3,5,14,17,P562,P441,P718,P482"
easy,"87,#A49 J67,->,4,5,11,14,P335,P247,P277,P690"
easy,"88,#A47 LIB,->,3,13,14,17,P662,P202,P414,P393"
easy,"89,#A43 SY2,->,4,7,9,13,B453,B405,B785,B634"
easy,"90,#A47 IZ8,->,3,10,13,16,G346,G381,G795,G640"
easy,"91,#A4A PDK,->,5,9,12,15,G758,G646,G614,G329"
easy,"92,#A48 CVO,->,2,5,10,16,G778,G578,G376,G640"
easy,"93,#A43 Y6L,->,4,9,11,14,O577,O369,O461,O694"
easy,"94,#A4A ZKQ,->,6,9,11,14,B483,B648,B568,B325"
easy,"95,#A4B Y0V,->,7,8,11,17,P352,P651,P287,P393"
easy,"96,#A47 EV3,->,3,6,14,16,P662,P486,P414,P372"
easy,"97,#A46 TLP,->,2,10,15,17,O587,O635,O687,O395"
easy,"98,#A48 DBR,->,2,5,13,17,P221,P441,P202,P393"
hard,"1,#C64 54F S,->,22,27,31,34,38,47,G485,G670,G419,G475,G604,G376"
hard,"2,#C64 C9N H,->,19,24,32,33,36,48,O699,O658,O664,O355,O729,O402"
hard,"3,#C63 DK3 0,->,12,17,23,29,39,45,G614,G537,G681,G546,G650,G782"
hard,"4,#C64 WK2 P,->,10,17,25,27,34,45,O639,O484,O266,O581,O550,O219"
hard,"5,#C65 6FF P,->,5,22,24,27,33,48,O252,O536,O658,O213,O613,O289"
hard,"6,#C63 6Z3 A,->,10,21,25,29,31,42,B385,B499,B749,B464,B652,B611"
hard,"7,#C63 I4N C,->,19,20,26,31,39,48,G233,G741,G778,G419,G650,G771"
hard,"8,#C65 COW X,->,20,24,33,38,43,48,O502,O658,O613,O744,O319,O386"
hard,"9,#C63 EUJ J,->,6,18,23,29,43,45,P486,P779,P330,P476,P287,P216"
hard,"10,#C65 6CX 1,->,16,22,23,25,26,43,O515,O536,O332,O708,O617,O289"
hard,"11,#C63 JJP J,->,1,9,25,32,35,36,P357,P362,P263,P662,P236,P471"
hard,"12,#C63 PW5 Y,->,1,7,27,33,34,36,B652,B657,B677,B534,B638,B586"
hard,"13,#C65 6U2 S,->,5,21,25,36,41,44,G758,G497,G746,G286,G787,G723"
hard,"14,#C63 0AE Z,->,19,20,28,33,36,41,P767,P498,P527,P352,P435,P207"
hard,"15,#C64 1FQ V,->,2,7,24,31,42,48,P221,P352,P656,P593,P404,P277"
hard,"16,#C64 CHV P,->,18,24,32,34,44,45,O424,O658,O664,O550,O461,O219"
hard,"17,#C63 5QZ N,->,5,19,26,28,31,35,P441,P767,P615,P430,P589,P340"
hard,"18,#C65 BNN Z,->,9,18,24,25,33,47,P216,P779,P656,P263,P540,P633"
hard,"19,#C63 6ZE U,->,11,20,23,24,29,31,B568,B520,B686,B278,B464,B652"
hard,"20,#C65 H6H Z,->,19,21,24,36,44,48,P767,P518,P656,P435,P458,P382"
hard,"21,#C63 F5I 6,->,1,21,26,30,34,46,B652,B499,B780,B204,B638,B648"
hard,"22,#C64 GZY N,->,6,21,31,38,41,44,P540,P518,P589,P255,P207,P458"
hard,"23,#C64 3GT I,->,21,26,31,36,42,46,B499,B390,B423,B586,B663,B378"
hard,"24,#C63 0UM 7,->,2,17,25,27,39,43,P597,P482,P263,P207,P593,P287"
hard,"25,#C64 HQU G,->,19,21,27,31,35,46,G315,G497,G787,G429,G665,G646"
hard,"26,#C63 S4N A,->,9,20,24,31,33,48,B648,B743,B278,B652,B405,B797"
hard,"27,#C64 8EA 1,->,16,20,25,39,44,48,O515,O273,O266,O595,O289,O319"
hard,"28,#C64 BWT 4,->,20,33,36,40,42,47,G516,G532,G582,G346,G322,G206"
hard,"29,#C65 DU3 U,->,20,22,25,33,36,46,B520,B487,B749,B580,B288,B378"
hard,"30,#C63 0XV M,->,20,22,29,33,35,39,B520,B487,B416,B657,B337,B423"
hard,"31,#C63 E07 C,->,11,18,29,39,46,48,G723,G220,G546,G419,G782,G795"
hard,"32,#C65 EYC 3,->,6,10,23,25,35,36,P486,P637,P330,P263,P673,P471"
hard,"33,#C64 RF6 7,->,12,20,25,40,47,48,P399,P268,P263,P221,P790,P458"
hard,"34,#C63 2BS 4,->,8,24,29,33,43,46,G356,G350,G413,G532,G695,G782"
hard,"35,#C63 3TS M,->,4,24,25,27,30,45,B677,B353,B749,B792,B630,B785"
hard,"36,#C65 1I2 S,->,4,18,24,33,38,43,G670,G592,G350,G481,G267,G614"
hard,"37,#C65 9L0 G,->,18,22,23,25,41,45,G592,G485,G681,G746,G787,G356"
hard,"38,#C63 GIG B,->,20,30,33,41,45,48,P498,P796,P441,P579,P790,P202"
hard,"39,#C63 FT5 P,->,6,17,25,26,30,31,O490,O395,O266,O224,O798,O595"
hard,"40,#C63 88V A,->,13,22,25,29,33,48,B797,B487,B749,B464,B580,B616"
hard,"41,#C63 300 1,->,12,24,30,36,39,45,O319,O658,O391,O729,O595,O219"
hard,"42,#C63 LEB G,->,2,21,27,34,38,39,G778,G497,G670,G636,G604,G650"
hard,"43,#C65 CAK S,->,16,19,25,33,34,45,G503,G233,G746,G403,G572,G356"
hard,"44,#C64 DB7 9,->,21,25,26,31,35,36,O669,O266,O224,O591,O243,O474"
hard,"45,#C63 P0R 0,->,9,17,31,33,35,40,G782,G537,G650,G481,G334,G387"
hard,"46,#C64 NSP 8,->,6,12,25,32,36,42,G532,G614,G746,G470,G582,G293"
hard,"47,#C64 HXO R,->,21,31,38,41,42,46,P518,P589,P255,P207,P347,P633"
hard,"48,#C63 LQQ L,->,2,7,23,25,31,47,O224,O613,O332,O708,O359,O639"
hard,"49,#C63 2J0 6,->,9,16,23,25,40,46,B785,B505,B686,B749,B416,B378"
hard,"50,#C63 0AN H,->,9,18,25,27,28,45,O369,O424,O708,O213,O530,O653"
hard,"51,#C65 B1X 3,->,16,19,24,25,33,35,P372,P696,P656,P263,P247,P340"
hard,"52,#C63 680 K,->,17,20,24,27,28,42,G537,G516,G350,G787,G588,G661"
hard,"53,#C63 GUW D,->,23,27,30,33,36,48,O332,O338,O798,O490,O439,O402"
hard,"54,#C64 RIU K,->,2,23,24,25,36,45,G778,G681,G350,G746,G286,G646"
hard,"55,#C64 2ES F,->,16,22,27,31,36,44,P509,P533,P579,P593,P725,P202"
hard,"56,#C63 31K M,->,9,27,30,31,35,40,B648,B792,B630,B432,B668,B348"
hard,"57,#C63 QA7 A,->,18,22,27,31,38,43,B594,B487,B677,B652,B606,B616"
hard,"58,#C63 OUY J,->,17,21,31,36,41,44,P482,P667,P357,P725,P579,P202"
hard,"59,#C63 JQZ X,->,1,17,25,26,31,36,O359,O484,O266,O224,O591,O439"
hard,"60,#C65 FNU H,->,9,16,23,33,42,48,O369,O374,O332,O355,O694,O279"
hard,"61,#C64 WOV H,->,12,18,24,25,27,48,O319,O781,O658,O266,O581,O289"
hard,"62,#C65 GJS F,->,16,23,24,25,44,47,P509,P330,P656,P263,P202,P651"
hard,"63,#C64 WB4 L,->,13,24,25,27,47,48,O386,O658,O266,O581,O793,O319"
hard,"64,#C64 D6Q N,->,2,7,25,31,36,42,P221,P352,P263,P589,P435,P684"
hard,"65,#C63 Y1M 1,->,7,22,24,32,33,38,O355,O536,O658,O587,O252,O257"
hard,"66,#C63 8AQ I,->,7,23,25,29,43,45,B657,B686,B749,B464,B697,B785"
hard,"67,#C63 7SH C,->,5,21,29,33,40,43,G578,G497,G462,G403,G396,G695"
hard,"68,#C64 LDU N,->,22,27,32,33,36,42,P533,P579,P553,P486,P471,P404"
hard,"69,#C63 V88 E,->,2,22,26,31,36,42,B437,B487,B401,B432,B586,B325"
hard,"70,#C65 9WR O,->,18,20,23,27,43,47,G220,G741,G681,G787,G723,G376"
hard,"71,#C64 NWP Z,->,19,24,32,33,43,45,P696,P656,P553,P352,P458,P216"
hard,"72,#C64 YEY H,->,5,16,23,26,37,45,O445,O515,O332,O631,O627,O219"
hard,"73,#C64 MXW G,->,16,23,32,33,44,46,G503,G681,G470,G403,G737,G646"
hard,"74,#C65 DRA B,->,5,22,23,25,37,45,P441,P533,P330,P704,P621,P216"
hard,"75,#C63 Q8Q C,->,4,18,36,39,43,46,G670,G592,G582,G650,G253,G376"
hard,"76,#C64 65O U,->,18,27,34,36,39,48,B594,B792,B638,B586,B423,B739"
hard,"77,#C65 EW9 N,->,15,24,33,34,37,45,P684,P656,P486,P377,P773,P216"
hard,"78,#C65 H3J E,->,20,22,37,43,46,48,B520,B487,B394,B697,B378,B726"
hard,"79,#C63 J48 K,->,3,21,27,31,34,36,G346,G497,G440,G650,G636,G551"
hard,"80,#C63 2KN 1,->,16,21,23,25,29,42,O515,O523,O332,O266,O599,O720"
hard,"81,#C64 UIL 9,->,21,23,24,33,41,48,O523,O332,O658,O543,O581,O319"
hard,"82,#C63 4JC U,->,9,22,30,33,36,48,B785,B487,B630,B534,B586,B726"
hard,"83,#C65 G4K K,->,7,15,23,24,34,36,G654,G329,G681,G350,G475,G582"
hard,"84,#C63 0D7 O,->,19,20,23,24,33,39,G233,G516,G681,G350,G403,G491"
hard,"85,#C64 OOM V,->,18,20,26,33,41,48,P421,P268,P221,P441,P335,P754"
hard,"86,#C63 CXO F,->,20,27,28,33,35,44,P268,P335,P759,P486,P340,P382"
hard,"87,#C64 5MY C,->,5,17,27,36,39,43,G758,G537,G787,G286,G419,G723"
hard,"88,#C65 9HM D,->,8,25,35,36,41,48,O793,O266,O344,O729,O213,O319"
hard,"89,#C64 GNO B,->,19,21,31,36,40,42,P696,P518,P589,P435,P615,P347"
hard,"90,#C64 FEP 5,->,27,31,33,34,38,43,O338,O591,O490,O550,O412,O319"
hard,"91,#C64 I3Y L,->,5,18,31,33,46,48,O252,O424,O591,O355,O369,O461"
hard,"92,#C63 JUX 0,->,1,25,27,31,38,48,G650,G309,G440,G429,G267,G632"
hard,"93,#C64 ZTP I,->,22,23,27,34,40,47,B487,B686,B677,B479,B401,B385"
hard,"94,#C64 RQE 0,->,16,20,23,24,40,43,G640,G741,G681,G274,G778,G614"
hard,"95,#C63 4NM Q,->,17,20,30,33,46,48,B625,B520,B630,B657,B648,B797"
hard,"96,#C65 5D2 H,->,7,23,26,33,35,45,O355,O332,O617,O490,O243,O219"
hard,"97,#C64 ZCY K,->,3,22,23,36,43,47,G387,G485,G681,G286,G695,G376"
hard,"98,#C63 SU3 2,->,9,17,33,34,36,39,B648,B541,B534,B576,B586,B652"
extreme_hard_4,"1,#F49 S25,->,13,17,15,45,27,22,20,8,O496,O369,O338,O750"
extreme_hard_4,"2,#F4R S8,->,1,24,2,40,4,19,12,45,G274,G413,G670,G782"
extreme_hard_4,"3,#F49 WZT,->,41,17,48,4,23,2,9,21,O338,O279,O332,O523"
extreme_hard_4,"4,#F43 CHM,->,10,24,48,9,4,19,16,40,B278,B697,B317,B464"
extreme_hard_4,"5,#F46 1R4,->,33,15,41,19,5,16,22,2,G532,G717,G578,G407"
extreme_hard_4,"6,#F4A K7R,->,27,19,6,23,11,48,15,21,P207,P330,P277,P518"
extreme_hard_4,"7,#F4A MF4,->,6,33,24,43,17,5,8,4,G481,G566,G758,G356"
extreme_hard_4,"8,#F43 H1Q,->,18,36,9,30,5,26,10,41,B586,B204,B780,B453"
extreme_hard_4,"9,#F46 J62,->,17,6,32,10,23,27,48,11,B365,B437,B677,B775"
extreme_hard_4,"10,#F4D EXI,->,25,23,24,16,36,4,42,14,B749,B643,B586,B325"
extreme_hard_4,"11,#F4A 7S3,->,26,4,17,37,25,48,36,20,P615,P311,P458,P435"
extreme_hard_4,"12,#F47 A02,->,5,19,25,35,8,32,12,47,B763,B668,B348,B358"
extreme_hard_4,"13,#F48 G86,->,26,18,21,4,47,23,48,2,B780,B499,B212,B739"
extreme_hard_4,"14,#F4C 4GQ,->,9,22,14,37,5,17,47,6,B648,B706,B625,B212"
extreme_hard_4,"15,#F41 X69,->,22,19,20,30,48,2,9,18,O257,O391,O319,O781"
extreme_hard_4,"16,#F48 QM4,->,12,6,42,25,33,4,22,41,G253,G293,G758,G440"
extreme_hard_4,"17,#F46 FCC,->,37,10,8,16,11,31,44,7,G701,G503,G650,G771"
extreme_hard_4,"18,#F47 7X,->,21,48,15,28,41,20,23,17,O232,O530,O338,O332"
extreme_hard_4,"19,#F4B MZR,->,2,43,9,36,22,48,33,14,P399,P471,P382,P441"
extreme_hard_4,"20,#F42 S6C,->,5,29,23,19,24,15,40,11,G462,G681,G274,G396"
extreme_hard_4,"21,#F48 OSW,->,19,23,2,41,14,3,43,20,G681,G440,G387,G695"
extreme_hard_4,"22,#F4B M33,->,15,36,33,1,48,11,17,14,P435,P441,P202,P393"
extreme_hard_4,"23,#F48 4SM,->,12,48,1,40,16,10,9,36,B256,B472,B643,B288"
extreme_hard_4,"24,#F4C JAS,->,23,13,47,8,25,10,16,35,G370,G455,G309,G334"
extreme_hard_4,"25,#F44 SSG,->,42,15,43,1,29,20,6,31,G293,G253,G546,G419"
extreme_hard_4,"26,#F48 152,->,17,35,33,18,32,1,44,21,B668,B657,B472,B739"
extreme_hard_4,"27,#F43 K2C,->,35,12,13,25,30,15,24,40,G334,G771,G447,G434"
extreme_hard_4,"28,#F47 ZSP,->,5,19,32,14,45,16,12,42,O445,O558,O369,O687"
extreme_hard_4,"29,#F4B IQJ,->,7,45,8,5,13,36,21,15,P362,P441,P435,P404"
extreme_hard_4,"30,#F48 ASB,->,26,7,14,36,33,11,25,21,P221,P471,P540,P518"
extreme_hard_4,"31,#F49 VD0,->,36,1,17,18,10,27,4,48,G551,G220,G670,G253"
extreme_hard_4,"32,#F43 ZTP,->,42,10,2,18,44,5,30,6,O694,O781,O461,O577"
extreme_hard_4,"33,#F46 FVD,->,19,9,24,20,5,39,14,32,O257,O740,O595,O587"
extreme_hard_4,"34,#F4D HEC,->,2,38,35,25,36,1,21,43,G604,G766,G551,G614"
extreme_hard_4,"35,#F48 0EJ,->,38,11,24,18,25,33,32,14,P255,P738,P486,P553"
extreme_hard_4,"36,#F4U 26,->,8,7,16,2,15,27,20,44,B405,B416,B792,B797"
extreme_hard_4,"37,#F44 G5V,->,48,6,13,16,32,11,28,18,P277,P372,P662,P759"
extreme_hard_4,"38,#F4B MNZ,->,36,14,4,33,1,25,19,20,P725,P441,P704,P255"
extreme_hard_4,"39,#F45 C16,->,21,44,7,24,4,40,42,14,B775,B353,B549,B598"
extreme_hard_4,"40,#F47 QJH,->,19,15,39,18,12,33,25,10,O770,O591,O355,O506"
extreme_hard_4,"41,#F47 NA9,->,18,27,3,31,42,10,16,20,O581,O591,O349,O273"
extreme_hard_4,"42,#F4D 69,->,28,3,24,36,14,48,18,5,O530,O474,O386,O781"
extreme_hard_4,"43,#F4A GLK,->,25,2,5,35,13,8,9,41,G309,G334,G455,G787"
extreme_hard_4,"44,#F49 Z7T,->,38,22,48,8,18,35,27,17,O744,O757,O243,O338"
extreme_hard_4,"45,#F4B VRX,->,3,48,19,24,33,2,25,13,O757,O770,O490,O232"
extreme_hard_4,"46,#F43 54Y,->,34,7,48,16,1,29,5,46,B576,B616,B464,B785"
extreme_hard_4,"47,#F41 BK3,->,18,19,10,38,17,44,29,8,P421,P409,P202,P597"
extreme_hard_4,"48,#F47 LVX,->,9,48,25,15,32,12,17,16,O279,O266,O664,O515"
extreme_hard_4,"49,#F47 2S,->,18,14,19,42,9,27,12,28,G592,G329,G670,G491"
extreme_hard_4,"50,#F46 JF0,->,32,17,23,7,21,26,48,11,G434,G654,G396,G566"
extreme_hard_4,"51,#F41 QUS,->,24,3,4,46,6,30,33,14,G274,G646,G628,G481"
extreme_hard_4,"52,#F4L 4C,->,24,14,2,17,13,19,11,41,G350,G413,G315,G717"
extreme_hard_4,"53,#F42 PXH,->,12,3,8,48,17,26,16,24,O564,O205,O224,O658"
extreme_hard_4,"54,#F42 6HJ,->,12,16,17,15,41,11,38,2,P509,P347,P303,P742"
extreme_hard_4,"55,#F4A IAN,->,18,45,1,27,17,13,20,11,P783,P207,P482,P277"
extreme_hard_4,"56,#F44 1T5,->,44,4,48,25,2,30,24,23,O461,O757,O577,O740"
extreme_hard_4,"57,#F45 O2Q,->,12,15,33,16,30,23,42,21,B611,B763,B204,B598"
extreme_hard_4,"58,#F43 XDD,->,17,19,25,30,16,47,35,5,O484,O577,O653,O344"
extreme_hard_4,"59,#F48 TRK,->,22,14,25,27,16,7,46,4,G293,G440,G654,G646"
extreme_hard_4,"60,#F41 B3L,->,25,8,29,1,48,23,5,18,O708,O599,O319,O781"
extreme_hard_4,"61,#F4C 9W9,->,12,21,18,38,14,48,8,10,O523,O412,O289,O793"
extreme_hard_4,"62,#F48 5HK,->,32,19,35,11,16,24,43,20,G470,G766,G274,G253"
extreme_hard_4,"63,#F4C 3KU,->,33,23,13,9,6,38,19,42,B657,B775,B606,B598"
extreme_hard_4,"64,#F48 MKQ,->,16,25,23,37,21,13,22,40,B643,B394,B341,B780"
extreme_hard_4,"65,#F47 1DM,->,25,33,23,46,31,21,10,37,B657,B385,B423,B394"
extreme_hard_4,"66,#F4D AJ4,->,11,44,15,46,19,25,20,22,G795,G381,G315,G741"
extreme_hard_4,"67,#F4C ZML,->,18,46,35,11,19,44,25,23,O786,O243,O232,O266"
extreme_hard_4,"68,#F46 WG4,->,15,11,9,42,17,13,12,40,G609,G293,G618,G434"
extreme_hard_4,"69,#F4B 8BT,->,5,42,23,45,33,6,18,1,O349,O653,O613,O424"
extreme_hard_4,"70,#F48 IDR,->,5,36,26,22,46,17,3,24,P725,P221,P216,P656"
extreme_hard_4,"71,#F48 8DE,->,23,4,13,26,24,20,48,9,B677,B780,B520,B697"
extreme_hard_4,"72,#F49 T1B,->,45,19,2,41,25,22,16,15,P362,P335,P605,P509"
extreme_hard_4,"73,#F4C 31S,->,42,14,48,25,7,3,16,19,G322,G737,G654,G751"
extreme_hard_4,"74,#F45 X2X,->,15,30,42,2,4,44,25,9,O798,O349,O205,O266"
extreme_hard_4,"75,#F46 4GR,->,14,7,25,17,41,24,16,19,P414,P704,P294,P255"
extreme_hard_4,"76,#F4Y 6,->,32,8,30,15,19,33,39,18,B472,B453,B657,B495"
extreme_hard_4,"77,#F4C M0I,->,45,8,14,15,3,25,19,36,B648,B325,B312,B557"
extreme_hard_4,"78,#F42 US0,->,21,16,29,4,6,33,48,23,G339,G462,G758,G632"
extreme_hard_4,"79,#F42 G9W,->,39,13,25,23,3,20,37,15,G588,G681,G741,G701"
extreme_hard_4,"80,#F4A MOP,->,5,10,12,33,2,48,36,18,O252,O543,O402,O729"
extreme_hard_4,"81,#F44 7YE,->,27,16,15,17,18,10,41,19,B442,B625,B385,B691"
extreme_hard_4,"82,#F4B N29,->,8,33,36,25,14,38,20,19,O445,O474,O412,O273"
extreme_hard_4,"83,#F4A WMA,->,19,7,44,24,1,5,34,22,B237,B634,B763,B638"
extreme_hard_4,"84,#F42 POT,->,16,18,24,44,5,29,7,26,O424,O232,O564,O224"
extreme_hard_4,"85,#F43 I5E,->,14,12,6,39,30,10,42,25,B598,B652,B453,B331"
extreme_hard_4,"86,#F46 0HB,->,47,4,41,3,27,2,22,18,P790,P294,P335,P605"
extreme_hard_4,"87,#F4J 6B,->,18,2,40,9,29,3,25,11,P779,P476,P597,P458"
extreme_hard_4,"88,#F4C QE2,->,24,2,14,46,7,38,48,11,B353,B785,B755,B726"
extreme_hard_4,"89,#F46 7GR,->,17,18,41,20,42,4,8,31,P421,P335,P414,P357"
extreme_hard_4,"90,#F48 8E,->,28,10,24,25,18,17,12,40,B495,B278,B625,B401"
extreme_hard_4,"91,#F44 2JH,->,23,4,14,48,25,43,11,19,O577,O386,O757,O699"
extreme_hard_4,"92,#F4A 0UC,->,12,33,18,4,10,26,5,37,G481,G592,G396,G701"
extreme_hard_4,"93,#F4B SC5,->,6,4,46,20,44,13,2,18,O490,O786,O289,O781"
extreme_hard_4,"94,#F46 3RC,->,10,23,6,19,41,14,8,42,G381,G233,G717,G596"
extreme_hard_4,"95,#F4C W5Q,->,35,7,18,17,9,10,1,48,B337,B223,B217,B568"
extreme_hard_4,"96,#F48 NZ1,->,25,35,20,12,4,43,26,16,O344,O273,O757,O224"
extreme_hard_4,"97,#F4D HND,->,1,13,19,17,22,48,23,8,O232,O484,O289,O332"
extreme_hard_4,"98,#F4A KJM,->,21,24,43,15,13,5,8,27,B353,B568,B775,B792"
extreme_hard_5,"1,#F5T RKC,->,42,15,2,36,16,5,13,30,18,39,G329,G286,G503,G447,G429"
extreme_hard_5,"2,#F51 IC2 T,->,4,39,22,7,9,44,20,37,36,13,O595,O536,O205,O314,O439"
extreme_hard_5,"3,#F51 3YF P,->,11,15,35,3,21,5,38,19,30,17,O461,O680,O523,O412,O798"
extreme_hard_5,"4,#F52 O7V F,->,43,15,17,8,24,16,42,18,23,2,P754,P393,P738,P718,P330"
extreme_hard_5,"5,#F51 W60 D,->,22,6,37,7,14,16,40,25,24,36,O536,O314,O515,O224,O439"
extreme_hard_5,"6,#F5M UB6,->,19,48,13,45,3,17,21,18,30,2,B797,B358,B625,B499,B630"
extreme_hard_5,"7,#F5Y ZZG,->,42,3,1,10,40,11,18,22,2,24,G329,G650,G546,G220,G350"
extreme_hard_5,"8,#F52 G29 7,->,33,4,35,12,5,10,16,25,19,24,P610,P236,P633,P263,P255"
extreme_hard_5,"9,#F51 LPN A,->,40,12,15,45,42,8,6,11,14,16,B348,B648,B325,B726,B505"
extreme_hard_5,"10,#F5K H3O,->,22,36,4,25,2,7,18,16,19,47,G582,G746,G413,G220,G381"
extreme_hard_5,"11,#F52 2AD V,->,4,20,17,47,5,3,8,37,7,24,P498,P637,P629,P311,P656"
extreme_hard_5,"12,#F52 MDU 1,->,9,44,8,18,23,6,13,46,7,42,O232,O781,O332,O369,O349"
extreme_hard_5,"13,#F51 VDH U,->,17,21,2,36,5,13,23,26,33,24,B625,B586,B797,B780,B657"
extreme_hard_5,"14,#F5U NFH,->,14,17,8,25,48,3,1,33,30,19,O395,O708,O461,O252,O577"
extreme_hard_5,"15,#F52 DGS M,->,13,22,16,46,33,25,7,11,24,17,B797,B385,B483,B657,B353"
extreme_hard_5,"16,#F52 GKJ Q,->,7,10,8,33,25,2,23,5,45,14,B378,B657,B749,B580,B217"
extreme_hard_5,"17,#F52 G2S 2,->,23,25,10,18,33,15,22,24,3,48,B749,B223,B405,B353,B726"
extreme_hard_5,"18,#F51 7RE 2,->,27,12,19,17,44,2,6,31,7,48,B792,B237,B568,B652,B616"
extreme_hard_5,"19,#F52 G70 P,->,18,23,20,6,24,5,42,25,3,33,O332,O273,O740,O720,O613"
extreme_hard_5,"20,#F51 SLZ I,->,43,6,4,25,13,17,32,23,20,48,B568,B749,B625,B472,B775"
extreme_hard_5,"21,#F52 O9L S,->,38,17,16,44,4,48,20,9,25,24,G604,G632,G566,G741,G350"
extreme_hard_5,"22,#F51 QMX S,->,20,22,40,25,45,6,1,19,9,27,G516,G470,G356,G751,G670"
extreme_hard_5,"23,#F51 GKQ P,->,23,38,5,9,13,19,46,1,31,17,O744,O252,O205,O635,O595"
extreme_hard_5,"24,#F52 405 U,->,33,3,37,7,18,13,16,27,34,9,B405,B231,B594,B677,B638"
extreme_hard_5,"25,#F5J 924,->,2,3,14,18,27,13,22,23,25,9,G413,G293,G787,G681,G746"
extreme_hard_5,"26,#F5L 2HS,->,15,42,5,31,8,46,22,10,30,7,G661,G419,G782,G485,G628"
extreme_hard_5,"27,#F5U HPG,->,13,19,2,8,11,36,7,27,30,16,G315,G206,G286,G787,G447"
extreme_hard_5,"28,#F51 UE9 M,->,3,36,20,5,13,33,12,16,26,24,B586,B520,B483,B505,B780"
extreme_hard_5,"29,#F52 NRH A,->,23,36,12,47,24,35,18,11,19,15,B586,B385,B668,B594,B317"
extreme_hard_5,"30,#F5S YM2,->,20,12,2,4,19,41,11,31,14,47,B743,B780,B453,B652,B385"
extreme_hard_5,"31,#F5T BZP,->,22,39,10,30,14,20,42,18,24,15,O359,O577,O418,O406,O740"
extreme_hard_5,"32,#F51 ZUR Q,->,24,8,20,26,25,5,7,18,40,3,B459,B390,B312,B223,B401"
extreme_hard_5,"33,#F51 EFM M,->,32,19,44,25,24,20,18,14,5,21,B437,B634,B278,B594,B499"
extreme_hard_5,"34,#F51 VWZ W,->,46,1,15,44,22,20,17,19,12,40,G782,G795,G485,G618,G778"
extreme_hard_5,"35,#F5Q LPQ,->,18,16,6,26,12,23,3,2,33,19,B223,B780,B686,B464,B580"
extreme_hard_5,"36,#F5L 3OO,->,35,11,1,17,15,21,14,31,24,41,G665,G537,G339,G419,G628"
extreme_hard_5,"37,#F52 NPL 8,->,19,8,47,12,25,24,5,16,35,6,G233,G376,G309,G640,G665"
extreme_hard_5,"38,#F52 MZ9 7,->,45,5,42,4,23,10,34,20,19,21,P216,P347,P637,P449,P696"
extreme_hard_5,"39,#F51 LQD E,->,24,7,21,9,40,22,17,15,46,1,B353,B785,B348,B625,B385"
extreme_hard_5,"40,#F5N I6Q,->,41,11,19,14,6,26,16,21,36,17,B714,B325,B401,B499,B288"
extreme_hard_5,"41,#F51 1CE R,->,4,36,1,22,5,29,48,25,24,9,P725,P533,P476,P382,P656"
extreme_hard_5,"42,#F51 5S8 9,->,42,24,7,31,21,33,48,6,2,23,O687,O359,O543,O757,O224"
extreme_hard_5,"43,#F52 EMT R,->,23,14,3,35,15,24,36,8,6,16,P718,P340,P656,P471,P540"
extreme_hard_5,"44,#F51 7P0 V,->,9,39,6,27,10,18,12,48,38,16,P357,P207,P421,P754,P742"
extreme_hard_5,"45,#F51 A5V 1,->,13,18,7,42,10,19,43,6,1,31,O424,O406,O770,O461,O359"
extreme_hard_5,"46,#F5Y Q8A,->,22,24,23,6,19,48,17,12,28,1,B353,B686,B568,B541,B251"
extreme_hard_5,"47,#F5L 7K3,->,4,25,17,18,2,30,6,40,20,9,P704,P779,P389,P662,P268"
extreme_hard_5,"48,#F5O X9W,->,18,28,12,43,24,13,19,25,16,33,G588,G695,G350,G233,G578"
extreme_hard_5,"49,#F5T ENI,->,27,13,7,18,19,2,9,30,3,35,B792,B405,B437,B453,B769"
extreme_hard_5,"50,#F52 HZP P,->,18,48,16,25,12,10,33,14,19,22,O232,O266,O402,O445,O770"
extreme_hard_5,"51,#F52 1JU 8,->,40,8,33,3,4,36,2,24,21,47,G387,G654,G551,G350,G206"
extreme_hard_5,"52,#F51 VVB I,->,21,42,9,14,8,2,10,23,13,24,B611,B785,B780,B686,B353"
extreme_hard_5,"53,#F51 H3J Z,->,11,42,48,12,10,36,33,23,31,4,P347,P202,P435,P441,P593"
extreme_hard_5,"54,#F52 BB4 1,->,36,20,10,12,24,6,25,42,41,13,O729,O319,O740,O720,O213"
extreme_hard_5,"55,#F5O P6I,->,23,10,9,45,33,7,15,39,20,43,B378,B648,B763,B590,B616"
extreme_hard_5,"56,#F5Y 03O,->,9,13,4,36,1,5,28,3,24,43,G646,G286,G758,G244,G723"
extreme_hard_5,"57,#F5N 7XO,->,22,13,41,16,19,24,29,15,42,14,G485,G709,G350,G462,G661"
extreme_hard_5,"58,#F52 6YX 0,->,33,21,40,10,2,16,22,8,25,46,G481,G396,G503,G280,G381"
extreme_hard_5,"59,#F52 3NI S,->,15,3,7,18,13,36,2,27,33,4,G609,G220,G582,G670,G481"
extreme_hard_5,"60,#F5H SAI,->,27,23,36,4,6,29,32,13,33,11,B792,B586,B416,B348,B483"
extreme_hard_5,"61,#F51 7OP J,->,4,18,27,7,11,1,48,10,38,15,P779,P207,P357,P458,P255"
extreme_hard_5,"62,#F51 F7Q Q,->,27,19,12,21,4,39,16,17,1,42,B442,B616,B423,B541,B296"
extreme_hard_5,"63,#F5P R4O,->,18,17,20,19,29,13,34,14,39,15,G220,G516,G462,G636,G650"
extreme_hard_5,"64,#F51 HL0 U,->,7,31,18,15,14,12,8,33,42,17,B423,B594,B616,B657,B296"
extreme_hard_5,"65,#F5M 1QS,->,19,30,4,22,41,24,5,25,23,36,G628,G485,G787,G746,G286"
extreme_hard_5,"66,#F51 DHC L,->,25,9,15,48,6,8,33,23,1,2,O266,O205,O490,O355,O587"
extreme_hard_5,"67,#F52 LP7 O,->,42,8,1,25,15,14,16,17,45,9,G661,G746,G293,G640,G206"
extreme_hard_5,"68,#F5J HQP,->,47,10,19,2,20,7,33,15,29,14,O793,O770,O502,O613,O599"
extreme_hard_5,"69,#F5F JSH,->,31,14,11,27,43,20,24,9,4,1,O591,O213,O279,O369,O530"
extreme_hard_5,"70,#F5K 9K1,->,17,8,5,2,42,16,22,47,24,44,O484,O599,O406,O793,O289"
extreme_hard_5,"71,#F52 LYF 2,->,8,7,25,24,23,15,12,18,34,6,B358,B749,B686,B594,B479"
extreme_hard_5,"72,#F52 J2V 7,->,47,4,48,13,11,6,15,44,22,25,P637,P277,P486,P382,P263"
extreme_hard_5,"73,#F52 1ZE U,->,48,4,22,9,5,3,1,23,47,21,B616,B487,B390,B304,B358"
extreme_hard_5,"74,#F5H 2D9,->,12,1,47,15,4,36,9,44,35,10,O530,O639,O474,O461,O680"
extreme_hard_5,"75,#F51 D35 8,->,7,21,47,6,32,20,1,24,13,33,G403,G381,G434,G274,G578"
extreme_hard_5,"76,#F5Q XDY,->,6,25,7,44,12,29,4,22,27,5,B749,B797,B464,B487,B442"
extreme_hard_5,"77,#F52 I6V E,->,19,23,6,18,3,33,25,17,44,9,B317,B534,B657,B749,B797"
extreme_hard_5,"78,#F51 3DG U,->,42,4,33,19,23,17,41,20,24,44,B611,B534,B686,B204,B739"
extreme_hard_5,"79,#F51 E22 L,->,21,10,16,45,32,4,19,38,7,11,O523,O653,O587,O744,O289"
extreme_hard_5,"80,#F51 F5E Q,->,24,25,13,4,23,31,27,5,12,46,B312,B797,B423,B442,B785"
extreme_hard_5,"81,#F5F EO8,->,9,28,24,23,6,31,19,15,17,38,G491,G350,G419,G233,G604"
extreme_hard_5,"82,#F51 GEJ 6,->,31,1,44,20,12,8,3,22,2,41,B423,B797,B616,B487,B792"
extreme_hard_5,"83,#F5Q BV7,->,4,48,5,42,16,9,31,1,19,29,P287,P690,P509,P589,P562"
extreme_hard_5,"84,#F5Z R6J,->,9,26,1,44,21,18,40,6,24,17,P221,P202,P779,P476,P656"
extreme_hard_5,"85,#F52 5N0 9,->,17,18,27,15,45,8,48,11,25,4,O781,O338,O369,O232,O266"
extreme_hard_5,"86,#F52 34Q Y,->,19,33,3,35,4,41,22,6,36,7,B763,B769,B677,B534,B586"
extreme_hard_5,"87,#F51 CB9 5,->,12,40,7,23,11,32,2,21,16,17,O617,O332,O587,O669,O484"
extreme_hard_5,"88,#F51 JUE M,->,8,18,13,40,23,35,3,7,25,1,B223,B401,B668,B348,B749"
extreme_hard_5,"89,#F52 6JN T,->,10,36,15,26,12,42,14,9,5,7,O439,O617,O349,O219,O252"
extreme_hard_5,"90,#F51 NB6 Y,->,22,23,36,18,43,8,31,24,9,40,B686,B586,B739,B432,B401"
extreme_hard_5,"91,#F51 CSF 0,->,25,11,8,33,21,7,32,19,18,42,G746,G758,G339,G434,G322"
extreme_hard_5,"92,#F52 BC0 4,->,23,17,24,1,43,8,18,27,42,20,G681,G274,G253,G787,G293"
extreme_hard_5,"93,#F51 QX1 D,->,38,17,18,25,33,4,23,47,20,40,O257,O708,O252,O635,O558"
extreme_hard_5,"94,#F52 D02 U,->,43,25,20,16,10,5,35,17,36,23,B568,B505,B763,B337,B586"
extreme_hard_5,"95,#F51 RLP 0,->,18,34,14,32,5,19,24,25,43,16,G572,G470,G578,G746,G737"
extreme_hard_5,"96,#F51 EK1 U,->,1,38,48,18,17,31,14,33,15,39,B270,B739,B423,B534,B432"
extreme_hard_5,"97,#F51 82B T,->,17,1,2,43,48,5,9,31,6,18,O484,O402,O461,O359,O543"
extreme_hard_5,"98,#F52 1RE 2,->,10,15,7,13,8,26,18,25,19,38,B611,B657,B390,B749,B606"
extreme_hard_6,"1,#F65 9M5 T,->,10,2,14,36,11,43,46,21,27,25,3,20,O639,O729,O289,O369,O213,O273"
extreme_hard_6,"2,#F64 CI7 R,->,6,36,24,21,22,46,19,10,7,48,1,3,P435,P656,P216,P696,P399,P662"
extreme_hard_6,"3,#F64 5JH F,->,10,20,5,39,11,2,26,12,24,46,25,14,P268,P593,P287,P615,P637,P704"
extreme_hard_6,"4,#F63 AU0 0,->,24,20,7,30,5,6,11,4,10,36,25,46,G350,G447,G578,G566,G582,G381"
extreme_hard_6,"5,#F64 KIO 1,->,39,17,3,48,13,11,18,22,38,25,24,7,O591,O319,O386,O536,O744,O658"
extreme_hard_6,"6,#F63 U24 G,->,3,18,34,23,47,13,17,48,6,1,36,11,G220,G475,G381,G566,G650,G582"
extreme_hard_6,"7,#F63 1JT H,->,32,22,2,24,17,16,29,5,9,27,13,25,O558,O658,O484,O599,O338,O266"
extreme_hard_6,"8,#F63 RKH D,->,31,19,6,17,12,22,23,2,21,27,14,24,O359,O484,O402,O332,O213,O658"
extreme_hard_6,"9,#F64 G1X H,->,31,12,43,8,23,2,36,1,33,10,15,26,O591,O461,O332,O439,O445,O617"
extreme_hard_6,"10,#F65 AWP 1,->,46,18,7,17,25,33,22,8,21,42,13,23,O639,O484,O252,O536,O406,O332"
extreme_hard_6,"11,#F64 MBU B,->,9,17,35,25,23,27,24,46,32,14,11,16,P362,P340,P335,P633,P553,P509"
extreme_hard_6,"12,#F65 2LO B,->,8,33,36,2,20,10,9,41,18,23,17,12,P441,P435,P498,P335,P330,P482"
extreme_hard_6,"13,#F63 7TO D,->,26,11,19,29,33,23,20,15,18,47,2,24,O617,O564,O355,O502,O639,O658"
extreme_hard_6,"14,#F63 S8U F,->,39,7,33,6,36,18,34,17,24,46,25,22,P357,P610,P435,P377,P633,P533"
extreme_hard_6,"15,#F62 ZHL 9,->,7,20,28,17,1,42,25,21,41,19,3,16,O355,O530,O418,O708,O213,O664"
extreme_hard_6,"16,#F64 JFX X,->,21,9,39,4,48,5,16,33,12,43,15,25,O219,O591,O319,O490,O461,O266"
extreme_hard_6,"17,#F63 DYP P,->,29,21,39,3,5,35,23,16,11,44,10,33,O480,O595,O680,O332,O205,O445"
extreme_hard_6,"18,#F63 3QG O,->,23,2,30,25,15,1,4,18,10,26,33,17,G681,G628,G661,G220,G387,G532"
extreme_hard_6,"19,#F63 QRB 4,->,7,23,10,8,31,15,16,40,17,18,25,24,G302,G376,G650,G396,G537,G350"
extreme_hard_6,"20,#F63 TW7 H,->,34,9,7,31,15,3,11,46,14,36,18,10,O379,O359,O406,O219,O439,O424"
extreme_hard_6,"21,#F63 AV1 P,->,22,14,6,30,10,25,13,16,19,33,3,24,O536,O577,O266,O374,O445,O658"
extreme_hard_6,"22,#F63 U4C S,->,24,25,11,38,6,22,47,21,20,31,44,2,G746,G751,G485,G381,G650,G632"
extreme_hard_6,"23,#F63 T1Y M,->,6,18,15,36,47,14,31,10,24,12,25,20,B534,B557,B385,B652,B353,B749"
extreme_hard_6,"24,#F63 OM2 W,->,19,23,1,10,5,25,4,27,3,9,35,16,G681,G650,G746,G440,G646,G766"
extreme_hard_6,"25,#F65 COG 6,->,8,24,33,4,17,19,13,7,12,23,18,48,B353,B405,B541,B797,B686,B616"
extreme_hard_6,"26,#F64 WPS F,->,21,8,19,23,1,27,20,25,42,4,13,17,P518,P330,P579,P263,P690,P482"
extreme_hard_6,"27,#F65 DC4 N,->,15,17,2,24,19,45,3,38,23,33,5,9,P347,P656,P651,P255,P441,P362"
extreme_hard_6,"28,#F63 D8Y U,->,8,46,2,29,16,19,4,1,7,24,17,40,B385,B549,B505,B652,B353,B348"
extreme_hard_6,"29,#F63 4PH J,->,24,6,43,23,20,1,4,19,33,21,30,14,P656,P316,P498,P696,P352,P389"
extreme_hard_6,"30,#F64 CZT C,->,11,18,33,5,12,13,25,6,31,1,40,22,G220,G481,G632,G746,G429,G778"
extreme_hard_6,"31,#F63 5U7 Y,->,38,25,2,31,46,4,12,28,11,18,6,24,B606,B432,B648,B590,B726,B353"
extreme_hard_6,"32,#F63 ORQ 5,->,14,39,22,18,27,3,47,9,24,42,35,21,O359,O781,O581,O635,O418,O243"
extreme_hard_6,"33,#F64 QE5 D,->,33,13,47,23,2,6,7,12,42,3,36,25,O445,O653,O224,O355,O687,O729"
extreme_hard_6,"34,#F65 GJA N,->,35,25,13,16,47,18,36,3,24,21,1,19,P340,P509,P651,P435,P656,P767"
extreme_hard_6,"35,#F64 GOJ C,->,15,19,17,11,7,24,22,25,21,31,40,9,G233,G618,G350,G746,G429,G396"
extreme_hard_6,"36,#F64 3NC A,->,31,20,18,40,21,19,4,44,11,12,7,25,B423,B390,B341,B726,B697,B749"
extreme_hard_6,"37,#F64 VQP 2,->,21,6,17,23,27,7,25,1,15,3,9,34,B534,B686,B442,B749,B331,B479"
extreme_hard_6,"38,#F63 TH2 3,->,21,24,42,11,23,16,20,33,36,17,14,31,P518,P414,P509,P352,P435,P357"
extreme_hard_6,"39,#F64 DX5 W,->,4,18,10,35,36,13,22,27,6,7,12,31,G220,G766,G582,G440,G654,G429"
extreme_hard_6,"40,#F63 1W6 Q,->,9,17,18,41,21,8,29,16,24,23,34,14,B528,B677,B341,B416,B686,B479"
extreme_hard_6,"41,#F63 OF2 E,->,4,38,2,9,35,5,23,27,11,1,47,12,B270,B648,B769,B442,B652,B358"
extreme_hard_6,"42,#F63 DLV D,->,22,25,9,16,29,8,6,31,12,44,24,36,O536,O515,O480,O359,O386,O439"
extreme_hard_6,"43,#F64 3N9 U,->,31,8,11,44,17,40,13,21,24,22,23,34,B423,B797,B390,B341,B278,B638"
extreme_hard_6,"44,#F64 2MB T,->,19,48,24,43,13,31,33,22,14,26,12,18,O205,O289,O595,O252,O631,O781"
extreme_hard_6,"45,#F64 WAI M,->,27,22,7,12,35,5,24,13,8,11,19,23,B442,B256,B337,B353,B212,B686"
extreme_hard_6,"46,#F64 O5N Z,->,40,18,24,3,46,16,6,43,20,21,13,19,P553,P656,P216,P458,P518,P696"
extreme_hard_6,"47,#F63 KGF O,->,44,16,12,38,15,24,22,1,13,18,21,31,G632,G267,G350,G650,G592,G429"
extreme_hard_6,"48,#F65 GYD U,->,3,42,7,18,45,1,10,19,23,20,25,8,B296,B223,B785,B237,B686,B749"
extreme_hard_6,"49,#F63 CWZ 8,->,27,7,4,13,35,5,9,28,20,22,14,33,G670,G632,G665,G244,G485,G578"
extreme_hard_6,"50,#F65 GIZ Q,->,48,4,18,45,35,8,23,22,21,7,36,17,B568,B358,B337,B686,B499,B586"
extreme_hard_6,"51,#F63 4B5 L,->,36,17,22,10,27,15,30,9,48,5,13,24,O439,O536,O213,O391,O289,O658"
extreme_hard_6,"52,#F63 9GS 8,->,11,35,39,16,17,18,10,27,20,4,24,33,G766,G429,G592,G440,G447,G654"
extreme_hard_6,"53,#F63 LWO 9,->,6,21,26,16,44,18,45,12,20,48,9,31,O490,O224,O386,O369,O757,O359"
extreme_hard_6,"54,#F63 MV9 F,->,14,13,46,17,1,18,16,26,2,48,25,4,P228,P637,P357,P221,P399,P704"
extreme_hard_6,"55,#F63 OE4 5,->,18,22,5,23,10,31,41,16,3,34,1,33,O536,O715,O359,O581,O550,O355"
extreme_hard_6,"56,#F65 9EO R,->,20,36,25,45,9,24,16,27,23,42,22,14,P435,P790,P216,P207,P347,P533"
extreme_hard_6,"57,#F65 B3J M,->,15,22,5,6,3,44,13,48,9,33,23,46,B487,B483,B634,B697,B405,B385"
extreme_hard_6,"58,#F63 6LB J,->,4,29,26,6,23,11,13,20,39,7,33,19,P562,P221,P330,P498,P357,P352"
extreme_hard_6,"59,#F63 1IE 3,->,11,16,48,9,8,2,31,14,35,12,1,24,P509,P316,P597,P589,P340,P656"
extreme_hard_6,"60,#F63 MOW 4,->,31,14,5,45,15,8,18,26,17,16,3,23,G650,G782,G609,G778,G537,G681"
extreme_hard_6,"61,#F63 M42 P,->,24,22,9,1,19,16,25,26,23,44,33,2,O658,O359,O770,O224,O232,O490"
extreme_hard_6,"62,#F63 2OX 3,->,10,34,3,13,30,2,4,24,9,31,12,25,P449,P629,P389,P656,P593,P316"
extreme_hard_6,"63,#F64 YS6 8,->,13,8,6,35,26,2,17,33,23,25,20,46,G356,G334,G387,G654,G681,G782"
extreme_hard_6,"64,#F63 8OL 4,->,9,1,27,7,36,8,24,41,5,16,17,30,G650,G787,G286,G440,G578,G447"
extreme_hard_6,"65,#F63 FTF A,->,8,24,2,11,5,46,20,31,19,18,17,30,B353,B780,B385,B423,B594,B204"
extreme_hard_6,"66,#F63 3KT R,->,24,2,34,23,30,5,25,15,8,39,1,18,P656,P547,P389,P263,P589,P779"
extreme_hard_6,"67,#F65 EL3 W,->,24,5,13,9,47,1,6,42,20,33,44,4,G350,G646,G376,G609,G532,G737"
extreme_hard_6,"68,#F64 3NY C,->,10,34,19,17,4,31,21,3,6,25,43,16,G636,G537,G419,G387,G746,G614"
extreme_hard_6,"69,#F65 GUL Q,->,2,46,22,18,35,13,21,25,17,1,44,16,B648,B487,B337,B749,B625,B568"
extreme_hard_6,"70,#F63 1CS Z,->,6,29,33,5,4,31,12,46,15,43,16,8,P597,P540,P589,P216,P458,P509"
extreme_hard_6,"71,#F63 9M3 F,->,27,4,20,9,19,21,17,31,48,14,8,30,P207,P498,P696,P589,P458,P573"
extreme_hard_6,"72,#F63 TXK E,->,19,25,22,17,44,13,34,2,7,31,46,18,B237,B487,B568,B638,B652,B785"
extreme_hard_6,"73,#F63 8EG J,->,36,2,46,4,13,34,25,3,12,23,8,9,P435,P637,P377,P562,P330,P216"
extreme_hard_6,"74,#F63 FXV D,->,31,16,30,11,22,27,33,1,15,48,36,8,O595,O798,O338,O490,O402,O729"
extreme_hard_6,"75,#F63 GDO 0,->,34,1,2,40,13,21,25,22,30,14,33,20,G636,G778,G795,G485,G201,G532"
extreme_hard_6,"76,#F65 9CR 3,->,12,11,36,24,9,27,21,25,8,33,7,18,P399,P435,P207,P263,P352,P779"
extreme_hard_6,"77,#F65 1HV 5,->,44,3,9,33,14,27,17,42,11,25,18,5,O461,O543,O338,O406,O266,O781"
extreme_hard_6,"78,#F63 B3Z T,->,25,9,7,22,11,42,46,2,19,41,8,17,O266,O536,O418,O635,O577,O395"
extreme_hard_6,"79,#F63 D8G Y,->,3,12,24,25,18,29,10,33,16,21,31,9,B348,B749,B549,B483,B499,B652"
extreme_hard_6,"80,#F63 N63 8,->,37,16,25,9,39,19,18,6,3,20,23,27,G392,G309,G650,G592,G387,G440"
extreme_hard_6,"81,#F63 6HF V,->,29,18,26,19,5,46,11,1,39,24,20,23,P562,P221,P637,P357,P589,P498"
extreme_hard_6,"82,#F65 BWQ T,->,44,6,25,5,7,8,11,45,33,9,15,23,O289,O266,O613,O653,O445,O332"
extreme_hard_6,"83,#F63 N04 X,->,17,19,25,26,7,35,39,14,42,16,20,18,O484,O224,O680,O359,O418,O502"
extreme_hard_6,"84,#F64 JQ7 C,->,36,13,17,25,7,15,9,19,2,39,43,22,G286,G746,G654,G782,G429,G723"
extreme_hard_6,"85,#F63 DLJ Y,->,5,29,14,25,23,46,39,17,2,16,24,18,B549,B749,B385,B652,B505,B353"
extreme_hard_6,"86,#F63 ZQX 5,->,39,15,16,4,31,10,38,7,26,22,2,18,O595,O515,O591,O744,O224,O781"
extreme_hard_6,"87,#F64 8XY A,->,38,15,25,18,31,1,46,5,14,3,34,16,B606,B312,B432,B648,B348,B479"
extreme_hard_6,"88,#F63 GWR J,->,23,6,2,21,5,27,22,24,47,16,30,25,P330,P667,P335,P656,P633,P796"
extreme_hard_6,"89,#F63 EKN C,->,12,29,24,3,4,13,21,17,23,2,19,45,G546,G350,G670,G537,G681,G782"
extreme_hard_6,"90,#F65 3YN K,->,36,16,22,35,21,1,20,23,11,18,14,41,G582,G334,G497,G681,G220,G670"
extreme_hard_6,"91,#F65 3YY I,->,10,20,3,48,41,7,25,18,2,23,35,17,B743,B775,B677,B594,B686,B337"
extreme_hard_6,"92,#F64 RO6 2,->,2,26,16,47,21,11,13,37,35,14,18,43,B780,B378,B499,B706,B337,B616"
extreme_hard_6,"93,#F64 ROM T,->,5,2,18,47,20,23,13,37,17,34,24,19,O224,O639,O273,O776,O550,O658"
extreme_hard_6,"94,#F65 5MT 5,->,16,21,26,4,37,7,20,45,33,22,23,24,O515,O617,O776,O219,O490,O332"
extreme_hard_6,"95,#F63 1W7 C,->,7,23,9,16,25,13,5,27,29,24,48,1,G681,G503,G746,G670,G413,G695"
extreme_hard_6,"96,#F63 JRC 4,->,19,35,38,12,3,1,31,10,14,24,9,26,G766,G267,G650,G429,G350,G778"
extreme_hard_6,"97,#F63 CP7 A,->,25,12,4,14,15,41,28,19,18,3,27,24,B749,B325,B442,B251,B223,B677"
extreme_hard_6,"98,#F64 GSZ 6,->,17,19,23,47,18,33,21,16,20,27,31,2,B541,B378,B763,B341,B792,B432"
nightmare_4,"1,#I4D DOH,->,N17,N34,N36,N44,O439,O232,O550,O484"
nightmare_4,"2,#I4B ZH1,->,N16,N33,N46,N48,O219,O374,O289,O355"
nightmare_4,"3,#I4I PV,->,N2,N27,N29,N33,P540,P597,P476,P335"
nightmare_4,"4,#I44 R58,->,N14,N31,N35,N40,G546,G650,G596,G334"
nightmare_4,"5,#I4C WTF,->,N9,N18,N34,N48,P783,P547,P458,P421"
nightmare_4,"6,#I41 LTX,->,N32,N34,N41,N44,O232,O454,O391,O664"
nightmare_4,"7,#I43 BTY,->,N17,N21,N40,N43,B568,B464,B625,B341"
nightmare_4,"8,#I43 LQ7,->,N17,N30,N32,N46,P573,P647,P463,P553"
nightmare_4,"9,#I49 GFJ,->,N17,N26,N42,N44,P629,P393,P458,P404"
nightmare_4,"10,#I46 8E7,->,N5,N20,N31,N41,P747,P441,P207,P357"
nightmare_4,"11,#I48 YRX,->,N11,N18,N38,N41,O581,O781,O412,O289"
nightmare_4,"12,#I4C MBD,->,N24,N35,N37,N45,O658,O243,O369,O627"
nightmare_4,"13,#I47 Q4L,->,N10,N33,N39,N42,O694,O355,O591,O639"
nightmare_4,"14,#I48 M53,->,N2,N16,N23,N48,P330,P509,P754,P221"
nightmare_4,"15,#I49 DSI,->,N18,N19,N34,N40,B390,B223,B317,B479"
nightmare_4,"16,#I47 68R,->,N31,N38,N42,N43,P593,P718,P399,P742"
nightmare_4,"17,#I49 6VK,->,N13,N26,N33,N37,G387,G578,G771,G701"
nightmare_4,"18,#I44 QSK,->,N21,N29,N31,N42,G609,G546,G339,G650"
nightmare_4,"19,#I44 R4C,->,N20,N29,N31,N42,G650,G741,G546,G609"
nightmare_4,"20,#I4D 8N4,->,N19,N22,N36,N47,G551,G381,G233,G485"
nightmare_4,"21,#I49 C5L,->,N3,N16,N46,N48,O515,O219,O279,O631"
nightmare_4,"22,#I41 260,->,N7,N40,N42,N48,G654,G413,G661,G771"
nightmare_4,"23,#I42 Y0X,->,N22,N29,N33,N45,O564,O445,O793,O736"
nightmare_4,"24,#I43 064,->,N18,N29,N33,N42,G592,G329,G462,G654"
nightmare_4,"25,#I4D IQV,->,N24,N38,N42,N44,P255,P656,P277,P404"
nightmare_4,"26,#I42 T8B,->,N3,N27,N36,N48,P207,P399,P725,P562"
nightmare_4,"27,#I4B P4S,->,N14,N33,N37,N42,G293,G661,G578,G392"
nightmare_4,"28,#I42 R5,->,N22,N28,N41,N47,O299,O653,O530,O536"
nightmare_4,"29,#I4C 0CI,->,N7,N13,N46,N48,B616,B657,B797,B217"
nightmare_4,"30,#I4C K0L,->,N9,N19,N25,N47,O639,O699,O266,O369"
nightmare_4,"31,#I47 S7P,->,N19,N31,N46,N48,O786,O257,O319,O591"
nightmare_4,"32,#I42 256,->,N32,N36,N41,N47,B378,B472,B288,B714"
nightmare_4,"33,#I46 Z7E,->,N19,N26,N31,N48,B755,B423,B390,B775"
nightmare_4,"34,#I46 P6Y,->,N2,N17,N33,N34,B625,B638,B437,B534"
nightmare_4,"35,#I44 AU4,->,N8,N25,N33,N41,G356,G688,G746,G654"
nightmare_4,"36,#I4C F45,->,N8,N20,N36,N48,O653,O461,O439,O273"
nightmare_4,"37,#I42 P0K,->,N2,N33,N34,N40,G462,G403,G778,G475"
nightmare_4,"38,#I4P 9M,->,N2,N18,N32,N48,B594,B739,B416,B472"
nightmare_4,"39,#I4B UZP,->,N23,N25,N33,N37,O490,O332,O627,O266"
nightmare_4,"40,#I43 PDT,->,N8,N26,N41,N42,O577,O349,O617,O793"
nightmare_4,"41,#I46 ODT,->,N5,N17,N40,N42,O587,O720,O395,O445"
nightmare_4,"42,#I4D HR2,->,N20,N23,N37,N43,B706,B686,B743,B726"
nightmare_4,"43,#I4C JAK,->,N13,N23,N25,N47,G455,G370,G771,G309"
nightmare_4,"44,#I49 WW4,->,N4,N36,N38,N43,G670,G614,G551,G751"
nightmare_4,"45,#I4A 7TX,->,N21,N26,N36,N43,O402,O617,O729,O669"
nightmare_4,"46,#I4A M8S,->,N25,N27,N38,N44,G309,G795,G787,G751"
nightmare_4,"47,#I47 T5F,->,N13,N19,N36,N39,P228,P725,P589,P767"
nightmare_4,"48,#I44 1RD,->,N19,N24,N35,N41,O257,O658,O577,O680"
nightmare_4,"49,#I47 VYG,->,N32,N36,N41,N48,G440,G723,G470,G551"
nightmare_4,"50,#I4C 4K0,->,N8,N42,N44,N45,G206,G322,G723,G646"
nightmare_4,"51,#I47 MSW,->,N2,N19,N39,N43,G751,G429,G778,G253"
nightmare_4,"52,#I45 393,->,N6,N29,N44,N47,P202,P476,P633,P486"
nightmare_4,"53,#I44 BXW,->,N9,N25,N36,N41,G688,G309,G646,G551"
nightmare_4,"54,#I42 LZM,->,N18,N29,N40,N47,B464,B385,B594,B437"
nightmare_4,"55,#I4B 5OT,->,N17,N33,N34,N42,O484,O349,O454,O543"
nightmare_4,"56,#I41 DDN,->,N11,N24,N40,N48,P656,P202,P597,P277"
nightmare_4,"57,#I43 OOS,->,N4,N38,N41,N48,G447,G695,G267,G440"
nightmare_4,"58,#I4B KB,->,N1,N23,N46,N48,P641,P382,P362,P527"
nightmare_4,"59,#I49 AIS,->,N8,N26,N38,N46,G356,G782,G387,G267"
nightmare_4,"60,#I4B FPZ,->,N7,N19,N34,N43,P754,P547,P255,P610"
nightmare_4,"61,#I47 QM,->,N9,N28,N40,N47,B459,B401,B785,B495"
nightmare_4,"62,#I48 5F,->,N1,N20,N23,N40,P527,P710,P615,P498"
nightmare_4,"63,#I4D I7V,->,N21,N25,N38,N48,P458,P518,P409,P704"
nightmare_4,"64,#I48 88Q,->,N2,N21,N27,N42,B780,B677,B499,B325"
nightmare_4,"65,#I4N 0H,->,N18,N29,N32,N47,O664,O635,O599,O424"
nightmare_4,"66,#I4D 2KS,->,N13,N36,N42,N46,G795,G376,G286,G596"
nightmare_4,"67,#I42 T46,->,N3,N22,N27,N46,B487,B464,B792,B385"
nightmare_4,"68,#I4C MQ,->,N18,N35,N39,N46,B594,B495,B769,B385"
nightmare_4,"69,#I48 MQS,->,N22,N24,N37,N40,G485,G778,G274,G701"
nightmare_4,"70,#I47 W4E,->,N24,N26,N32,N33,B472,B390,B278,B405"
nightmare_4,"71,#I47 PLW,->,N6,N31,N38,N42,G661,G429,G481,G604"
nightmare_4,"72,#I4A K7Y,->,N21,N23,N27,N48,B775,B792,B499,B686"
nightmare_4,"73,#I4D I9X,->,N19,N21,N34,N48,O205,O523,O379,O699"
nightmare_4,"74,#I48 67Y,->,N17,N32,N35,N38,B755,B769,B365,B472"
nightmare_4,"75,#I41 HH,->,N4,N20,N28,N33,O327,O355,O530,O502"
nightmare_4,"76,#I49 OTT,->,N4,N8,N25,N46,O708,O469,O793,O338"
nightmare_4,"77,#I4D 3M3,->,N10,N24,N42,N44,P637,P347,P202,P656"
nightmare_4,"78,#I41 ZVN,->,N15,N19,N41,N48,P255,P202,P389,P347"
nightmare_4,"79,#I42 YYX,->,N3,N17,N33,N42,O484,O445,O687,O564"
nightmare_4,"80,#I48 6PS,->,N15,N16,N25,N40,G309,G470,G661,G640"
nightmare_4,"81,#I48 YUQ,->,N18,N25,N27,N42,B223,B442,B312,B296"
nightmare_4,"82,#I43 U39,->,N4,N33,N42,N43,O289,O613,O694,O577"
nightmare_4,"83,#I46 ZYN,->,N15,N27,N31,N47,P651,P593,P207,P404"
nightmare_4,"84,#I4A A8I,->,N19,N22,N40,N44,B726,B317,B487,B401"
nightmare_4,"85,#I46 FG7,->,N19,N38,N39,N43,P409,P255,P458,P357"
nightmare_4,"86,#I47 IZJ,->,N10,N16,N40,N48,P372,P633,P202,P662"
nightmare_4,"87,#I46 ZA7,->,N8,N27,N31,N33,P335,P567,P486,P593"
nightmare_4,"88,#I4C EYF,->,N17,N36,N44,N45,P458,P435,P651,P393"
nightmare_4,"89,#I4A XCD,->,N6,N33,N36,N42,O729,O543,O349,O613"
nightmare_4,"90,#I4B 53H,->,N14,N33,N36,N42,O418,O406,O474,O543"
nightmare_4,"91,#I47 UF3,->,N12,N31,N38,N44,P255,P589,P458,P754"
nightmare_4,"92,#I42 3RK,->,N6,N41,N44,N45,G709,G632,G481,G782"
nightmare_4,"93,#I4B AVK,->,N14,N18,N33,N46,G592,G403,G293,G376"
nightmare_4,"94,#I47 06A,->,N11,N31,N41,N42,B423,B611,B739,B792"
nightmare_4,"95,#I47 8HY,->,N24,N27,N32,N44,B775,B348,B278,B442"
nightmare_4,"96,#I4D 7QD,->,N21,N36,N47,N48,O635,O669,O461,O729"
nightmare_4,"97,#I45 ZLH,->,N5,N27,N35,N41,O252,O299,O243,O581"
nightmare_4,"98,#I4A XJC,->,N7,N33,N38,N43,G403,G481,G751,G695"
nightmare_4,"99,#I42 D16,->,N20,N28,N33,N36,B557,B520,B590,B405"
nightmare_4,"100,#I47 OSL,->,N23,N26,N31,N43,O279,O617,O591,O645"
nightmare_4,"101,#I4D FN4,->,N16,N34,N36,N43,G286,G253,G503,G636"
nightmare_4,"102,#I4A 84P,->,N23,N36,N40,N43,O645,O474,O279,O617"
nightmare_4,"103,#I44 FRL,->,N28,N32,N46,N48,O664,O639,O279,O765"
nightmare_4,"104,#I44 7O,->,N23,N31,N39,N46,G491,G302,G429,G646"
nightmare_4,"105,#I49 CKY,->,N22,N23,N40,N46,B686,B378,B410,B390"
nightmare_4,"106,#I47 BT4,->,N3,N16,N33,N37,G481,G227,G346,G640"
nightmare_4,"107,#I49 I69,->,N10,N25,N27,N41,O506,O338,O213,O635"
nightmare_4,"108,#I44 DDR,->,N21,N38,N41,N42,P324,P742,P684,P667"
nightmare_4,"109,#I4C K0B,->,N10,N15,N42,N45,P404,P362,P718,P637"
nightmare_4,"110,#I43 MWY,->,N5,N22,N26,N41,B410,B453,B580,B780"
nightmare_4,"111,#I4B 4NO,->,N11,N24,N33,N36,G481,G566,G350,G551"
nightmare_4,"112,#I49 Q1U,->,N4,N8,N34,N44,B634,B677,B212,B638"
nightmare_4,"113,#I4D 88B,->,N36,N44,N47,N48,P458,P316,P633,P471"
nightmare_4,"114,#I42 EA4,->,N9,N12,N23,N39,G646,G588,G695,G370"
nightmare_4,"115,#I41 X30,->,N18,N35,N41,N48,G628,G220,G334,G737"
nightmare_4,"116,#I47 92W,->,N24,N32,N36,N40,G346,G582,G274,G396"
nightmare_4,"117,#I43 BIO,->,N12,N23,N29,N48,G253,G681,G462,G632"
nightmare_4,"118,#I42 NG0,->,N3,N20,N31,N42,G462,G741,G429,G329"
nightmare_4,"119,#I44 CTY,->,N4,N20,N47,N48,B568,B385,B691,B743"
nightmare_4,"120,#I47 MXL,->,N14,N31,N33,N41,O591,O543,O581,O694"
nightmare_4,"121,#I49 N2D,->,N9,N22,N27,N33,O338,O369,O445,O736"
nightmare_4,"122,#I48 5EQ,->,N17,N24,N32,N48,B625,B472,B353,B634"
nightmare_4,"123,#I4A 0LC,->,N25,N26,N33,N37,G309,G396,G758,G701"
nightmare_4,"124,#I4A 9V9,->,N19,N26,N37,N44,O279,O617,O776,O770"
nightmare_4,"125,#I43 S5W,->,N30,N33,N42,N44,G771,G758,G447,G596"
nightmare_4,"126,#I4B 4CR,->,N13,N33,N36,N43,P228,P725,P287,P540"
nightmare_4,"127,#I41 YBK,->,N19,N21,N38,N41,G497,G267,G315,G628"
nightmare_4,"128,#I42 EFK,->,N15,N36,N39,N45,G286,G588,G609,G782"
nightmare_4,"129,#I4A IFT,->,N19,N25,N27,N46,O213,O786,O266,O257"
nightmare_4,"130,#I47 PL6,->,N14,N33,N39,N43,B568,B325,B483,B432"
nightmare_4,"131,#I4C IUC,->,N8,N23,N35,N46,G334,G455,G370,G646"
nightmare_4,"132,#I41 6RM,->,N10,N40,N43,N46,B416,B217,B378,B616"
nightmare_4,"133,#I46 K4F,->,N16,N26,N32,N42,P585,P615,P718,P372"
nightmare_4,"134,#I46 S78,->,N2,N36,N38,N46,G376,G582,G434,G751"
nightmare_4,"135,#I4C WPK,->,N18,N19,N43,N46,G315,G723,G592,G215"
nightmare_4,"136,#I4A 3OM,->,N7,N19,N40,N48,B256,B401,B657,B755"
nightmare_4,"137,#I49 HJR,->,N25,N35,N37,N40,P621,P236,P629,P704"
nightmare_4,"138,#I47 Q3O,->,N33,N39,N44,N46,G737,G654,G429,G215"
nightmare_4,"139,#I4A JUR,->,N12,N17,N27,N36,P399,P207,P471,P482"
nightmare_4,"140,#I41 KQN,->,N8,N30,N32,N33,P486,P662,P389,P651"
nightmare_4,"141,#I42 TB,->,N3,N28,N39,N46,P216,P593,P527,P629"
nightmare_4,"142,#I4D 5V9,->,N10,N19,N37,N48,O289,O257,O627,O639"
nightmare_4,"143,#I4C JBG,->,N17,N24,N47,N48,G537,G632,G350,G455"
nightmare_4,"144,#I46 T6B,->,N2,N10,N37,N42,P637,P718,P621,P585"
nightmare_4,"145,#I41 U55,->,N10,N30,N38,N45,O744,O793,O391,O635"
nightmare_4,"146,#I4B Q8R,->,N8,N20,N33,N36,P651,P486,P471,P268"
nightmare_4,"147,#I44 SHS,->,N13,N29,N31,N47,G419,G356,G795,G546"
nightmare_5,"1,#I51 M6E R,->,N15,N21,N26,N31,N46,P589,P684,P221,P633,P667"
nightmare_5,"2,#I51 W6R 5,->,N16,N20,N36,N40,N44,O273,O224,O386,O474,O515"
nightmare_5,"3,#I51 ZS8 7,->,N10,N23,N26,N33,N40,P486,P710,P637,P615,P629"
nightmare_5,"4,#I51 ZKH K,->,N23,N24,N25,N41,N48,G681,G746,G440,G350,G771"
nightmare_5,"5,#I51 SI0 2,->,N10,N20,N23,N25,N40,B312,B385,B686,B743,B472"
nightmare_5,"6,#I5Q E3B,->,N24,N29,N32,N33,N48,P458,P247,P553,P562,P738"
nightmare_5,"7,#I52 G6V 5,->,N17,N21,N23,N25,N33,O332,O708,O613,O669,O484"
nightmare_5,"8,#I5Y FNX,->,N15,N18,N28,N33,N36,O781,O439,O765,O490,O349"
nightmare_5,"9,#I51 EHY 1,->,N17,N20,N24,N32,N42,O720,O395,O273,O587,O740"
nightmare_5,"10,#I51 86S 5,->,N19,N25,N31,N33,N45,O359,O257,O653,O613,O266"
nightmare_5,"11,#I5R HHN,->,N19,N22,N29,N33,N34,P562,P533,P547,P247,P696"
nightmare_5,"12,#I51 D6Y 2,->,N14,N16,N32,N33,N45,B643,B296,B405,B437,B785"
nightmare_5,"13,#I52 BEF 9,->,N17,N19,N25,N27,N38,O395,O412,O266,O213,O699"
nightmare_5,"14,#I51 F40 G,->,N22,N27,N38,N39,N45,G485,G419,G356,G440,G604"
nightmare_5,"15,#I51 3XD G,->,N16,N21,N34,N36,N41,G582,G640,G201,G339,G572"
nightmare_5,"16,#I52 DVF C,->,N6,N16,N34,N36,N47,G475,G481,G503,G551,G356"
nightmare_5,"17,#I51 0P7 G,->,N18,N24,N29,N33,N34,G220,G350,G636,G546,G578"
nightmare_5,"18,#I51 95Q 1,->,N10,N24,N31,N33,N48,O757,O639,O740,O355,O359"
nightmare_5,"19,#I5N 6AQ,->,N19,N21,N30,N34,N44,B630,B317,B479,B341,B775"
nightmare_5,"20,#I51 HDT G,->,N6,N25,N31,N36,N37,G582,G532,G701,G309,G419"
nightmare_5,"21,#I52 1YS H,->,N3,N19,N36,N37,N45,O631,O627,O653,O439,O770"
nightmare_5,"22,#I5P 60R,->,N18,N36,N39,N42,N45,P779,P435,P347,P216,P430"
nightmare_5,"23,#I51 Z63 J,->,N12,N21,N27,N35,N45,P673,P667,P754,P362,P579"
nightmare_5,"24,#I5W H4K,->,N7,N20,N27,N34,N41,G787,G688,G516,G403,G636"
nightmare_5,"25,#I51 I32 2,->,N10,N20,N23,N31,N37,B520,B378,B423,B686,B706"
nightmare_5,"26,#I51 17K H,->,N19,N22,N29,N42,N46,O536,O349,O219,O480,O699"
nightmare_5,"27,#I52 O3Q 6,->,N17,N20,N24,N36,N42,B625,B353,B520,B586,B663"
nightmare_5,"28,#I5F SAQ,->,N10,N18,N26,N28,N33,B495,B378,B390,B223,B405"
nightmare_5,"29,#I51 LQW R,->,N3,N24,N36,N45,N48,P656,P662,P216,P316,P725"
nightmare_5,"30,#I52 4G9 X,->,N16,N24,N27,N33,N48,O338,O402,O658,O445,O374"
nightmare_5,"31,#I5N WPH,->,N18,N25,N36,N41,N48,O308,O781,O289,O439,O708"
nightmare_5,"32,#I52 7H3 W,->,N5,N19,N25,N37,N40,G396,G227,G233,G578,G309"
nightmare_5,"33,#I52 MPN Z,->,N12,N24,N38,N42,N45,P656,P362,P684,P742,P316"
nightmare_5,"34,#I5Q XAB,->,N17,N20,N29,N38,N41,P268,P562,P579,P742,P492"
nightmare_5,"35,#I5P 1JD,->,N25,N28,N33,N36,N48,O729,O266,O433,O205,O355"
nightmare_5,"36,#I51 TB2 Y,->,N4,N16,N23,N37,N40,B231,B505,B780,B677,B686"
nightmare_5,"37,#I5L SZJ,->,N18,N19,N27,N30,N35,P673,P696,P421,P389,P335"
nightmare_5,"38,#I5O XNV,->,N19,N28,N33,N35,N37,P340,P621,P767,P441,P430"
nightmare_5,"39,#I51 SYA H,->,N2,N15,N26,N36,N37,O631,O439,O314,O406,O224"
nightmare_5,"40,#I51 Q4B P,->,N19,N22,N27,N32,N36,O536,O558,O770,O474,O581"
nightmare_5,"41,#I5M FU6,->,N15,N25,N30,N33,N44,B534,B749,B663,B630,B634"
nightmare_5,"42,#I52 2IB 1,->,N17,N23,N24,N26,N48,O279,O658,O395,O631,O332"
nightmare_5,"43,#I52 41N 6,->,N4,N21,N33,N35,N44,B405,B568,B677,B341,B337"
nightmare_5,"44,#I51 6A0 Y,->,N16,N23,N24,N26,N31,B652,B304,B780,B505,B353"
nightmare_5,"45,#I51 KIC P,->,N18,N21,N32,N33,N43,O781,O669,O664,O319,O543"
nightmare_5,"46,#I52 NVD G,->,N15,N20,N23,N24,N46,G381,G329,G350,G741,G681"
nightmare_5,"47,#I52 LK6 8,->,N13,N17,N24,N35,N47,G537,G350,G665,G795,G206"
nightmare_5,"48,#I5P B13,->,N25,N29,N31,N40,N46,P704,P476,P357,P783,P562"
nightmare_5,"49,#I5S XJR,->,N17,N30,N31,N36,N39,P471,P589,P573,P357,P482"
nightmare_5,"50,#I52 O7U E,->,N11,N20,N23,N24,N37,B686,B353,B520,B568,B706"
nightmare_5,"51,#I52 CRR A,->,N5,N16,N25,N46,N48,B634,B378,B749,B763,B505"
nightmare_5,"52,#I52 MB5 V,->,N9,N20,N24,N47,N48,P633,P287,P362,P738,P498"
nightmare_5,"53,#I51 E94 2,->,N10,N16,N32,N46,N48,B437,B385,B785,B643,B797"
nightmare_5,"54,#I52 9TT L,->,N16,N25,N27,N33,N34,O379,O708,O213,O445,O374"
nightmare_5,"55,#I51 UK1 M,->,N7,N8,N26,N34,N42,B212,B780,B611,B405,B576"
nightmare_5,"56,#I5F NBV,->,N19,N31,N39,N46,N48,P382,P637,P767,P527,P589"
nightmare_5,"57,#I51 1Y2 W,->,N19,N30,N31,N33,N46,G758,G201,G419,G233,G646"
nightmare_5,"58,#I51 QL4 7,->,N4,N21,N32,N33,N36,P352,P667,P335,P725,P553"
nightmare_5,"59,#I52 LCE 4,->,N16,N18,N25,N35,N47,G592,G640,G206,G309,G766"
nightmare_5,"60,#I51 ZIZ P,->,N17,N19,N24,N27,N36,O439,O658,O395,O581,O699"
nightmare_5,"61,#I51 CWQ K,->,N2,N18,N33,N36,N46,G782,G582,G220,G434,G481"
nightmare_5,"62,#I51 9ML 8,->,N15,N20,N24,N31,N46,G646,G650,G741,G609,G274"
nightmare_5,"63,#I51 R6K 8,->,N21,N32,N33,N36,N42,G470,G481,G582,G497,G596"
nightmare_5,"64,#I52 6AS D,->,N19,N24,N37,N41,N44,O386,O776,O770,O338,O658"
nightmare_5,"65,#I52 77N I,->,N7,N20,N36,N40,N43,B568,B520,B405,B557,B401"
nightmare_5,"66,#I5I 6W7,->,N10,N20,N24,N31,N40,P597,P498,P633,P589,P738"
nightmare_5,"67,#I51 FR6 A,->,N3,N25,N31,N34,N48,B312,B423,B775,B390,B638"
nightmare_5,"68,#I5N 6BL,->,N19,N21,N41,N43,N48,O319,O669,O391,O289,O699"
nightmare_5,"69,#I5L JV6,->,N6,N22,N25,N30,N40,B487,B390,B483,B749,B630"
nightmare_5,"70,#I51 3WR O,->,N18,N21,N25,N30,N44,G592,G201,G339,G309,G795"
nightmare_5,"71,#I51 MSS F,->,N25,N31,N33,N41,N44,P589,P335,P352,P277,P263"
nightmare_5,"72,#I5K ZTE,->,N20,N30,N33,N39,N48,B697,B743,B534,B630,B423"
nightmare_5,"73,#I5S K8B,->,N10,N20,N23,N37,N40,P562,P498,P311,P330,P637"
nightmare_5,"74,#I5V YFZ,->,N16,N20,N24,N30,N48,P573,P202,P738,P498,P509"
nightmare_5,"75,#I5P 4JW,->,N9,N24,N28,N36,N43,G646,G614,G588,G350,G286"
nightmare_5,"76,#I51 0XG 3,->,N6,N19,N25,N36,N40,P486,P767,P725,P476,P263"
nightmare_5,"77,#I51 INK 2,->,N3,N17,N36,N39,N42,B432,B348,B557,B541,B325"
nightmare_5,"78,#I51 SHS 2,->,N16,N22,N32,N36,N46,B487,B643,B586,B472,B385"
nightmare_5,"79,#I52 5IQ Y,->,N25,N27,N36,N45,N48,B749,B557,B797,B677,B358"
nightmare_5,"80,#I5M 0MP,->,N9,N13,N23,N27,N41,O332,O369,O232,O391,O213"
nightmare_5,"81,#I51 TAB 8,->,N2,N20,N27,N38,N46,G516,G381,G670,G778,G267"
nightmare_5,"82,#I51 QGE 7,->,N5,N19,N24,N27,N40,P335,P696,P247,P553,P656"
nightmare_5,"83,#I5F GMV,->,N6,N20,N32,N39,N42,P527,P268,P540,P684,P662"
nightmare_5,"84,#I51 FQN U,->,N3,N17,N31,N34,N42,B576,B663,B390,B541,B423"
nightmare_5,"85,#I5K Q2B,->,N4,N30,N33,N45,N48,P352,P389,P382,P790,P573"
nightmare_5,"86,#I5U Z87,->,N15,N21,N23,N30,N33,P330,P667,P684,P441,P573"
nightmare_5,"87,#I5L F84,->,N17,N24,N30,N31,N42,G350,G618,G661,G628,G429"
nightmare_5,"88,#I51 SDP S,->,N22,N24,N34,N40,N45,G274,G470,G782,G485,G636"
nightmare_5,"89,#I52 2I6 S,->,N16,N23,N24,N26,N34,G387,G503,G636,G302,G350"
nightmare_5,"90,#I52 JE1 3,->,N12,N25,N33,N36,N42,P263,P725,P486,P684,P399"
nightmare_5,"91,#I51 ZKO 2,->,N23,N25,N27,N42,N48,B686,B749,B325,B442,B739"
nightmare_5,"92,#I52 JZL 1,->,N9,N18,N23,N33,N48,O369,O355,O424,O757,O645"
nightmare_5,"93,#I5U ZSB,->,N15,N24,N25,N33,N41,P263,P656,P573,P441,P684"
nightmare_5,"94,#I52 ERF B,->,N5,N33,N36,N45,N48,P399,P790,P725,P610,P441"
nightmare_5,"95,#I5J F8S,->,N16,N24,N29,N33,N42,G293,G503,G481,G350,G413"
nightmare_5,"96,#I52 9RN U,->,N5,N23,N27,N35,N42,B792,B598,B580,B686,B337"
nightmare_5,"97,#I52 CMG K,->,N18,N20,N33,N43,N46,G695,G376,G741,G220,G758"
nightmare_5,"98,#I52 BLF N,->,N7,N21,N24,N33,N42,P684,P518,P247,P738,P610"
nightmare_6,"1,#I64 QY3 G,->,N2,N6,N23,N36,N42,N48,G681,G532,G778,G632,G582,G596"
nightmare_6,"2,#I63 3LG H,->,N19,N20,N24,N30,N31,N43,O658,O391,O591,O319,O502,O699"
nightmare_6,"3,#I65 E1N 1,->,N5,N20,N25,N34,N37,N48,O445,O289,O550,O273,O627,O708"
nightmare_6,"4,#I63 XD5 5,->,N2,N16,N24,N27,N33,N34,O658,O252,O213,O454,O374,O587"
nightmare_6,"5,#I64 RPX O,->,N2,N16,N24,N25,N36,N44,G350,G632,G746,G778,G503,G582"
nightmare_6,"6,#I64 BWN N,->,N14,N21,N32,N33,N36,N45,P435,P486,P518,P790,P662,P690"
nightmare_6,"7,#I63 T26 W,->,N6,N10,N24,N31,N35,N48,G650,G381,G274,G334,G532,G566"
nightmare_6,"8,#I63 BWY T,->,N1,N25,N28,N31,N36,N46,O595,O266,O359,O639,O729,O765"
nightmare_6,"9,#I64 HFR 3,->,N7,N11,N24,N27,N31,N46,P352,P216,P207,P738,P589,P458"
nightmare_6,"10,#I63 QHW 7,->,N5,N19,N25,N31,N40,N45,P704,P357,P255,P441,P651,P615"
nightmare_6,"11,#I63 G5R N,->,N13,N16,N31,N36,N41,N48,P725,P593,P509,P399,P796,P202"
nightmare_6,"12,#I64 DPC 5,->,N21,N23,N31,N33,N34,N41,O332,O591,O523,O581,O550,O543"
nightmare_6,"13,#I64 7E7 2,->,N21,N24,N33,N39,N44,N45,B534,B341,B726,B423,B353,B785"
nightmare_6,"14,#I63 MWV 9,->,N18,N25,N31,N36,N40,N48,O424,O461,O224,O359,O439,O708"
nightmare_6,"15,#I63 MQE R,->,N1,N14,N25,N40,N42,N45,P221,P414,P357,P684,P216,P263"
nightmare_6,"16,#I63 ESW R,->,N5,N25,N29,N34,N46,N48,P449,P316,P441,P476,P216,P704"
nightmare_6,"17,#I63 FH2 R,->,N30,N33,N35,N36,N39,N43,P796,P399,P486,P435,P357,P673"
nightmare_6,"18,#I65 4QE P,->,N9,N19,N24,N26,N33,N43,O613,O658,O369,O257,O319,O617"
nightmare_6,"19,#I64 FJM 9,->,N10,N20,N27,N31,N46,N48,O591,O635,O338,O369,O319,O273"
nightmare_6,"20,#I64 2UY Z,->,N5,N26,N39,N42,N44,N46,P347,P629,P593,P216,P202,P441"
nightmare_6,"21,#I63 U5V F,->,N19,N25,N34,N36,N39,N48,P399,P357,P767,P449,P725,P263"
nightmare_6,"22,#I64 SUA O,->,N16,N20,N25,N27,N36,N41,G503,G440,G741,G746,G670,G551"
nightmare_6,"23,#I63 DE7 6,->,N10,N20,N27,N29,N31,N36,B442,B378,B586,B520,B549,B652"
nightmare_6,"24,#I63 FEM 4,->,N18,N20,N30,N31,N33,N45,G578,G516,G592,G646,G201,G650"
nightmare_6,"25,#I63 ILJ 2,->,N5,N22,N31,N37,N39,N45,B394,B487,B423,B652,B580,B358"
nightmare_6,"26,#I63 Q91 I,->,N4,N21,N23,N39,N47,N48,B686,B568,B499,B677,B652,B378"
nightmare_6,"27,#I64 89G N,->,N24,N31,N34,N37,N42,N47,P311,P404,P637,P449,P593,P656"
nightmare_6,"28,#I63 AYM V,->,N12,N22,N30,N33,N35,N45,P340,P573,P533,P316,P362,P352"
nightmare_6,"29,#I63 Y3W 0,->,N22,N24,N33,N34,N40,N45,G475,G434,G485,G350,G758,G356"
nightmare_6,"30,#I63 VDQ J,->,N7,N32,N33,N39,N47,N48,P382,P247,P633,P352,P589,P585"
nightmare_6,"31,#I64 MDI 1,->,N19,N21,N24,N27,N36,N40,O699,O729,O523,O658,O558,O338"
nightmare_6,"32,#I62 ZTR J,->,N6,N22,N28,N32,N33,N42,P533,P486,P553,P527,P414,P610"
nightmare_6,"33,#I63 96Y V,->,N1,N20,N24,N34,N41,N48,P357,P228,P656,P268,P573,P377"
nightmare_6,"34,#I64 JYH Y,->,N8,N17,N23,N24,N31,N43,B686,B697,B432,B278,B358,B541"
nightmare_6,"35,#I64 WPR 6,->,N17,N22,N24,N27,N36,N48,B541,B797,B557,B487,B278,B442"
nightmare_6,"36,#I64 DK5 R,->,N18,N27,N31,N36,N41,N42,P684,P579,P435,P589,P207,P779"
nightmare_6,"37,#I63 A9Q M,->,N4,N22,N23,N27,N33,N36,B586,B686,B657,B442,B453,B487"
nightmare_6,"38,#I63 ENV 4,->,N11,N20,N23,N25,N33,N40,G746,G516,G758,G546,G723,G681"
nightmare_6,"39,#I64 CJ0 O,->,N17,N19,N24,N34,N40,N47,G618,G350,G315,G475,G346,G381"
nightmare_6,"40,#I63 13G 4,->,N18,N21,N25,N29,N32,N33,G746,G413,G220,G481,G497,G346"
nightmare_6,"41,#I63 B3I B,->,N17,N22,N30,N35,N44,N46,P673,P393,P573,P362,P458,P533"
nightmare_6,"42,#I65 FV5 J,->,N9,N15,N24,N33,N34,N37,P216,P352,P656,P404,P311,P449"
nightmare_6,"43,#I63 RPP A,->,N17,N22,N25,N31,N33,N45,B487,B652,B358,B483,B625,B749"
nightmare_6,"44,#I63 HNW F,->,N22,N31,N36,N41,N46,N48,P533,P593,P637,P294,P399,P725"
nightmare_6,"45,#I65 GHZ 4,->,N10,N19,N24,N37,N47,N48,G376,G614,G227,G356,G233,G350"
nightmare_6,"46,#I63 0XX P,->,N2,N20,N23,N24,N39,N45,O332,O653,O658,O599,O595,O502"
nightmare_6,"47,#I63 8WO 3,->,N1,N5,N30,N33,N44,N48,P610,P382,P357,P573,P458,P441"
nightmare_6,"48,#I64 2EG X,->,N11,N18,N31,N35,N36,N41,O581,O279,O595,O243,O439,O424"
nightmare_6,"49,#I63 B34 5,->,N18,N22,N35,N41,N45,N48,O369,O386,O424,O577,O344,O536"
nightmare_6,"50,#I63 FU2 Q,->,N4,N22,N27,N30,N39,N45,B204,B487,B677,B423,B442,B785"
nightmare_6,"51,#I64 Q2M A,->,N2,N18,N23,N24,N33,N43,B483,B594,B686,B739,B780,B353"
nightmare_6,"52,#I63 PKX Q,->,N4,N9,N25,N31,N33,N36,B677,B652,B483,B749,B648,B557"
nightmare_6,"53,#I63 AWJ Y,->,N19,N20,N30,N33,N43,N47,B212,B568,B657,B453,B317,B520"
nightmare_6,"54,#I63 MZR I,->,N16,N20,N24,N26,N31,N35,B353,B743,B780,B505,B652,B337"
nightmare_6,"55,#I65 D4K 1,->,N7,N22,N25,N33,N34,N48,O445,O550,O355,O536,O319,O266"
nightmare_6,"56,#I63 9Q0 A,->,N25,N30,N31,N33,N35,N42,B432,B580,B453,B325,B749,B668"
nightmare_6,"57,#I63 0S7 V,->,N4,N16,N31,N40,N42,N46,P509,P335,P216,P593,P404,P597"
nightmare_6,"58,#I65 FH6 8,->,N8,N23,N24,N25,N33,N36,G551,G350,G681,G746,G356,G654"
nightmare_6,"59,#I63 40H A,->,N4,N24,N25,N30,N43,N46,B749,B697,B785,B630,B677,B353"
nightmare_6,"60,#I64 36P F,->,N8,N16,N23,N26,N35,N39,P340,P651,P509,P629,P593,P330"
nightmare_6,"61,#I65 F40 0,->,N19,N22,N23,N33,N36,N48,G485,G681,G233,G532,G582,G614"
nightmare_6,"62,#I64 I7U 3,->,N9,N21,N31,N33,N35,N48,P340,P518,P362,P247,P287,P589"
nightmare_6,"63,#I63 8O9 Y,->,N17,N22,N26,N30,N39,N42,B780,B598,B652,B453,B625,B487"
nightmare_6,"64,#I63 67U P,->,N21,N25,N28,N41,N46,N48,O433,O523,O708,O213,O289,O639"
nightmare_6,"65,#I64 XT7 8,->,N6,N9,N23,N36,N40,N42,G481,G609,G387,G681,G782,G582"
nightmare_6,"66,#I63 USK 8,->,N16,N21,N31,N36,N40,N45,G434,G646,G497,G419,G503,G286"
nightmare_6,"67,#I64 I5S H,->,N9,N18,N25,N31,N33,N47,O369,O781,O252,O639,O591,O266"
nightmare_6,"68,#I63 9RA I,->,N19,N25,N30,N33,N39,N48,B432,B749,B568,B317,B453,B657"
nightmare_6,"69,#I64 3L8 Q,->,N18,N25,N26,N31,N34,N42,B611,B223,B749,B423,B390,B638"
nightmare_6,"70,#I63 BX0 G,->,N19,N22,N28,N31,N36,N39,G650,G582,G244,G419,G233,G485"
nightmare_6,"71,#I64 7VD D,->,N8,N25,N36,N39,N43,N46,O266,O319,O653,O729,O639,O595"
nightmare_6,"72,#I63 LNX M,->,N2,N18,N31,N33,N44,N48,B223,B568,B652,B616,B780,B483"
nightmare_6,"73,#I64 RAY 6,->,N19,N21,N25,N26,N33,N43,B780,B755,B312,B499,B657,B616"
nightmare_6,"74,#I63 DWI G,->,N4,N23,N29,N36,N39,N47,G681,G376,G582,G419,G670,G546"
nightmare_6,"75,#I65 7OK J,->,N7,N11,N23,N27,N36,N45,P435,P216,P207,P610,P330,P458"
nightmare_6,"76,#I63 5ZI 3,->,N7,N18,N27,N28,N41,N47,P421,P651,P352,P430,P579,P207"
nightmare_6,"77,#I63 HDX A,->,N9,N20,N25,N30,N35,N42,B785,B749,B296,B337,B520,B204"
nightmare_6,"78,#I63 C4Z Y,->,N1,N9,N25,N28,N38,N48,B568,B270,B251,B312,B652,B648"
nightmare_6,"79,#I64 56N 4,->,N15,N17,N27,N34,N36,N39,G609,G419,G636,G582,G537,G670"
nightmare_6,"80,#I65 GQW R,->,N11,N21,N23,N24,N35,N46,P667,P738,P458,P673,P362,P330"
nightmare_6,"81,#I64 HLK E,->,N19,N24,N27,N39,N42,N45,B432,B663,B792,B353,B755,B358"
nightmare_6,"82,#I64 6YS 5,->,N21,N22,N33,N36,N39,N47,O474,O595,O523,O653,O445,O536"
nightmare_6,"83,#I63 H2U P,->,N5,N9,N23,N30,N35,N47,O445,O635,O369,O332,O680,O798"
nightmare_6,"84,#I65 DRW 2,->,N9,N22,N25,N33,N37,N48,B580,B394,B785,B312,B487,B697"
nightmare_6,"85,#I65 G6M X,->,N8,N18,N25,N42,N46,N48,O369,O708,O424,O349,O232,O793"
nightmare_6,"86,#I65 G0L 9,->,N18,N24,N33,N35,N47,N48,O402,O781,O635,O355,O243,O658"
nightmare_6,"87,#I64 MDE H,->,N22,N23,N27,N34,N36,N40,O558,O338,O379,O439,O332,O536"
nightmare_6,"88,#I63 861 5,->,N18,N21,N24,N29,N33,N47,O564,O793,O658,O445,O523,O781"
nightmare_6,"89,#I64 JMY Y,->,N7,N9,N31,N38,N43,N47,B568,B432,B648,B385,B657,B755"
nightmare_6,"90,#I64 ASS 5,->,N12,N22,N24,N25,N27,N40,O319,O536,O658,O664,O213,O266"
nightmare_6,"91,#I65 H28 0,->,N10,N23,N24,N25,N34,N48,G746,G572,G376,G681,G350,G695"
nightmare_6,"92,#I65 CHG D,->,N9,N18,N23,N24,N33,N36,O219,O781,O613,O332,O439,O658"
nightmare_6,"93,#I64 WLV A,->,N9,N17,N23,N25,N27,N42,B785,B296,B442,B749,B541,B686"
nightmare_6,"94,#I63 IIK F,->,N1,N24,N27,N35,N37,N39,P656,P207,P311,P673,P593,P357"
nightmare_6,"95,#I65 5R8 O,->,N21,N24,N25,N26,N33,N44,G339,G746,G350,G396,G532,G723"
nightmare_6,"96,#I65 5WE Y,->,N9,N19,N25,N33,N40,N42,B312,B785,B657,B331,B317,B401"
nightmare_6,"97,#I64 JA3 A,->,N22,N31,N33,N36,N44,N45,B288,B432,B358,B568,B487,B534"
nightmare_6,"98,#I64 IDR J,->,N5,N23,N31,N35,N36,N43,P589,P330,P236,P247,P277,P435"